ID,부위,운동명,장비,분류,주동근,협동근,권장 렙범위,휴식초,무게 단위,난이도,신뢰도
P001,하체,바벨 스쿼트,바벨,컴파운드,대퇴사두근/대둔근,햄스트링/척추기립근,5~8 (근력) / 6~12 (비대),180~300,2.5kg,중급,높음
P002,하체,데드리프트(컨벤셔널),바벨,컴파운드,햄스트링/대둔근/척추기립근,광배근/승모근/전완근,5~8 (근력) / 6~12 (비대),180~300,2.5kg,중급,높음
P003,하체,레그 프레스,머신,컴파운드,대퇴사두근/대둔근,햄스트링/척추기립근,5~8 (근력) / 6~12 (비대),180~300,5kg,초보,높음
P004,하체,(맨몸)런지,맨몸,컴파운드,대퇴사두근/대둔근,햄스트링/종아리,5~8 (근력) / 6~12 (비대),180~300,맨몸/체중조끼,초보,높음
P005,하체,레그 컬,머신,아이솔레이션,햄스트링,,8~15,60~120,5kg,초보,높음
P006,하체,바벨 스티프 레그 데드리프트,바벨,컴파운드,햄스트링/대둔근,광배근/승모근/전완근,5~8 (근력) / 6~12 (비대),180~300,2.5kg,중급,높음
P007,하체,브이 스쿼트,머신,컴파운드,대퇴사두근/대둔근,햄스트링/척추기립근,5~8 (근력) / 6~12 (비대),180~300,5kg,초보,높음
P008,하체,레그 익스텐션,머신,아이솔레이션,대퇴사두근,,8~15,60~120,5kg,초보,높음
P009,하체,덤벨 런지,덤벨,컴파운드,대퇴사두근/대둔근,햄스트링/종아리,5~8 (근력) / 6~12 (비대),180~300,1~2.5kg,중급,높음
P010,하체,핵 스쿼트 머신,머신,컴파운드,대퇴사두근/대둔근,햄스트링/척추기립근,5~8 (근력) / 6~12 (비대),180~300,5kg,초보,높음
P011,하체,덤벨 스모 스쿼트,덤벨,컴파운드,대퇴사두근/대둔근,햄스트링/척추기립근,5~8 (근력) / 6~12 (비대),180~300,1~2.5kg,중급,높음
P012,하체,카프 레이즈,머신,아이솔레이션,비복근/가자미근,,8~15,60~120,5kg,초보,높음
P013,하체,힙 어덕션 머신(이너싸이),머신,아이솔레이션,내전근,,8~15,60~120,5kg,초보,높음
P014,하체,힙 어브덕션 머신(아웃타이),머신,아이솔레이션,중둔근,,8~15,60~120,5kg,초보,높음
P015,하체,바벨 힙 쓰러스트,바벨,컴파운드,대둔근/햄스트링,대퇴사두근/햄스트링,5~8 (근력) / 6~12 (비대),180~300,2.5kg,중급,높음
P016,하체,스미스 머신 스쿼트,스미스 머신,컴파운드,대퇴사두근/대둔근,햄스트링/척추기립근,5~8 (근력) / 6~12 (비대),180~300,2.5kg,초보,높음
P017,하체,원 레그 니 업,맨몸,컴파운드,대퇴사두근/대둔근,햄스트링/종아리,5~8 (근력) / 6~12 (비대),180~300,맨몸/체중조끼,고급,높음
P018,하체,바벨 와이드 스쿼트,바벨,컴파운드,대퇴사두근/대둔근,햄스트링/척추기립근,5~8 (근력) / 6~12 (비대),180~300,2.5kg,중급,높음
P019,하체,스미스 머신 런지,스미스 머신,컴파운드,대퇴사두근/대둔근,햄스트링/종아리,5~8 (근력) / 6~12 (비대),180~300,2.5kg,초보,높음
P020,하체,워킹 런지,맨몸,컴파운드,대퇴사두근/대둔근,햄스트링/종아리,5~8 (근력) / 6~12 (비대),180~300,맨몸/체중조끼,초보,높음
P021,하체,바벨 내로우 스쿼트,바벨,컴파운드,대퇴사두근/대둔근,햄스트링/척추기립근,5~8 (근력) / 6~12 (비대),180~300,2.5kg,중급,높음
P022,하체,스모 데드리프트,바벨,컴파운드,햄스트링/대둔근/척추기립근,광배근/승모근/전완근,5~8 (근력) / 6~12 (비대),180~300,2.5kg,중급,높음
P023,하체,박스 스쿼트,바벨,컴파운드,대퇴사두근/대둔근,햄스트링/척추기립근,5~8 (근력) / 6~12 (비대),180~300,2.5kg,중급,높음
P024,하체,박스 점프,맨몸,컴파운드,대퇴사두근/대둔근,햄스트링/종아리,5~8 (근력) / 6~12 (비대),180~300,맨몸/체중조끼,초보,높음
P025,하체,덤벨 불가리안 스플릿 스쿼트,덤벨,컴파운드,대퇴사두근/대둔근,햄스트링/척추기립근,5~8 (근력) / 6~12 (비대),180~300,1~2.5kg,중급,높음
P026,하체,프론트 스쿼트,바벨,컴파운드,대퇴사두근,햄스트링/척추기립근,5~8 (근력) / 6~12 (비대),180~300,2.5kg,중급,높음
P027,하체,글루트 햄 레이즈,머신,아이솔레이션,대둔근/햄스트링,,8~15,60~120,5kg,초보,높음
P028,하체,글루트 킥 백,머신,아이솔레이션,대둔근/햄스트링,,8~15,60~120,5kg,초보,높음
P029,하체,고블릿 스쿼트,덤벨,컴파운드,대퇴사두근/대둔근,햄스트링/척추기립근,5~8 (근력) / 6~12 (비대),180~300,1~2.5kg,중급,높음
P030,하체,바벨 핵 스쿼트,바벨,컴파운드,대퇴사두근/대둔근,햄스트링/척추기립근,5~8 (근력) / 6~12 (비대),180~300,2.5kg,고급,높음
P031,하체,피스톨 스쿼트,맨몸,컴파운드,대퇴사두근/대둔근,햄스트링/척추기립근,5~8 (근력) / 6~12 (비대),180~300,맨몸/체중조끼,고급,높음
P032,하체,밴드 스쿼트,밴드,컴파운드,대퇴사두근/대둔근,햄스트링/척추기립근,5~8 (근력) / 6~12 (비대),180~300,저항 단계,초보,높음
P033,하체,덤벨 스쿼트,덤벨,컴파운드,대퇴사두근/대둔근,햄스트링/척추기립근,5~8 (근력) / 6~12 (비대),180~300,1~2.5kg,중급,높음
P034,하체,스미스 머신 와이드 스쿼트,스미스 머신,컴파운드,대퇴사두근/대둔근,햄스트링/척추기립근,5~8 (근력) / 6~12 (비대),180~300,2.5kg,초보,높음
P035,하체,제르셔 스쿼트(저쳐 스쿼트),바벨,컴파운드,대퇴사두근,햄스트링/척추기립근,5~8 (근력) / 6~12 (비대),180~300,2.5kg,고급,높음
P036,하체,힙 익스텐션,머신,아이솔레이션,대둔근/햄스트링,,8~15,60~120,5kg,초보,높음
P037,하체,백 런지,맨몸,컴파운드,대퇴사두근/대둔근,햄스트링/종아리,5~8 (근력) / 6~12 (비대),180~300,맨몸/체중조끼,초보,높음
P038,하체,힙 쓰러스트 머신,머신,컴파운드,대둔근/햄스트링,대퇴사두근/햄스트링,5~8 (근력) / 6~12 (비대),180~300,5kg,초보,높음
P039,하체,사이드 런지,맨몸,컴파운드,대퇴사두근/대둔근,햄스트링/종아리,5~8 (근력) / 6~12 (비대),180~300,맨몸/체중조끼,초보,높음
P040,하체,힙 어브덕션,머신,아이솔레이션,중둔근,,8~15,60~120,5kg,초보,높음
P041,하체,사이드 킥백,맨몸,아이솔레이션,중둔근,,8~15,60~120,맨몸/체중조끼,초보,높음
P042,하체,크로스 런지,맨몸,컴파운드,대퇴사두근/대둔근,햄스트링/종아리,5~8 (근력) / 6~12 (비대),180~300,맨몸/체중조끼,초보,높음
P043,하체,스탠딩 레그 컬,머신,아이솔레이션,햄스트링,,8~15,60~120,5kg,초보,높음
P044,하체,시티드 카프레이즈 머신,머신,아이솔레이션,비복근/가자미근,,8~15,60~120,5kg,초보,높음
P045,하체,시티드 바벨 카프레이즈,바벨,아이솔레이션,비복근/가자미근,,8~15,60~120,2.5kg,초보,높음
P046,하체,케틀벨 스모 데드리프트 하이풀,케틀벨,컴파운드,햄스트링/대둔근/척추기립근,광배근/승모근/전완근,5~8 (근력) / 6~12 (비대),180~300,4kg,중급,높음
P047,하체,펜들럼 스쿼트,머신,컴파운드,대퇴사두근/대둔근,햄스트링/척추기립근,5~8 (근력) / 6~12 (비대),180~300,5kg,초보,높음
P048,하체,원 레그 덤벨 데드리프트,덤벨,컴파운드,햄스트링/대둔근/척추기립근,광배근/승모근/전완근,5~8 (근력) / 6~12 (비대),180~300,1~2.5kg,고급,높음
P049,하체,원 레그 바벨 힙쓰러스트,바벨,컴파운드,대퇴사두근/대둔근,햄스트링/종아리,5~8 (근력) / 6~12 (비대),180~300,2.5kg,고급,높음
P050,하체,점프 스쿼트,맨몸,컴파운드,대퇴사두근/대둔근,햄스트링/척추기립근,5~8 (근력) / 6~12 (비대),180~300,맨몸/체중조끼,초보,높음
P051,하체,시티드 원 레그 프레스,머신,컴파운드,대퇴사두근/대둔근,햄스트링/척추기립근,5~8 (근력) / 6~12 (비대),180~300,5kg,고급,높음
P052,하체,스탠딩 카프 레이즈 머신,머신,아이솔레이션,비복근/가자미근,,8~15,60~120,5kg,초보,높음
P053,하체,힙 익스텐션 머신,머신,아이솔레이션,대둔근/햄스트링,,8~15,60~120,5kg,초보,높음
P054,하체,와이드 스쿼트(맨몸),맨몸,컴파운드,대퇴사두근/대둔근,햄스트링/척추기립근,5~8 (근력) / 6~12 (비대),180~300,맨몸/체중조끼,초보,높음
P055,하체,스쿼트(맨몸),맨몸,컴파운드,대퇴사두근/대둔근,햄스트링/척추기립근,5~8 (근력) / 6~12 (비대),180~300,맨몸/체중조끼,초보,높음
P056,하체,덤벨 스티프 레그 프레스,덤벨,컴파운드,햄스트링/대둔근,햄스트링/척추기립근,5~8 (근력) / 6~12 (비대),180~300,1~2.5kg,중급,높음
P057,하체,글루트 킥 백 앤 사이드 킥,머신,아이솔레이션,중둔근,,8~15,60~120,5kg,초보,높음
P058,하체,글루트 킥 백 앤 크로스,머신,아이솔레이션,대둔근/햄스트링,,8~15,60~120,5kg,초보,높음
P059,하체,니 힙 쓰러스트,바벨,컴파운드,대둔근/햄스트링,대퇴사두근/햄스트링,5~8 (근력) / 6~12 (비대),180~300,2.5kg,중급,높음
P060,하체,사이드 레이즈 앤 킥,맨몸,아이솔레이션,중둔근,,8~15,60~120,맨몸/체중조끼,초보,높음
P061,하체,스모 스쿼트 플로어 터치,바벨,컴파운드,대퇴사두근/대둔근,햄스트링/척추기립근,5~8 (근력) / 6~12 (비대),180~300,2.5kg,중급,높음
P062,하체,원 레그 데드리프트,바벨,컴파운드,햄스트링/대둔근/척추기립근,광배근/승모근/전완근,5~8 (근력) / 6~12 (비대),180~300,2.5kg,고급,높음
P063,하체,원 레그 힙 쓰러스트,바벨,컴파운드,대둔근/햄스트링,대퇴사두근/햄스트링,5~8 (근력) / 6~12 (비대),180~300,2.5kg,고급,높음
P064,하체,하이 니 스쿼트,맨몸,컴파운드,대퇴사두근/대둔근,햄스트링/척추기립근,5~8 (근력) / 6~12 (비대),180~300,맨몸/체중조끼,초보,높음
P065,하체,힙 쓰러스트(맨몸),맨몸,컴파운드,대둔근/햄스트링,대퇴사두근/햄스트링,5~8 (근력) / 6~12 (비대),180~300,맨몸/체중조끼,초보,높음
P066,하체,런지 점프,맨몸,컴파운드,대퇴사두근/대둔근,햄스트링/종아리,5~8 (근력) / 6~12 (비대),180~300,맨몸/체중조끼,초보,높음
P067,하체,시티드 레그 프레스,머신,컴파운드,대퇴사두근/대둔근,햄스트링/척추기립근,5~8 (근력) / 6~12 (비대),180~300,5kg,초보,높음
P068,하체,싱글 라잉 레그 컬,머신,아이솔레이션,햄스트링,,8~15,60~120,5kg,초보,높음
P069,하체,원 레그 익스텐션,머신,아이솔레이션,대퇴사두근,,8~15,60~120,5kg,고급,높음
P070,하체,스텝 박스 덤벨 백 런지,덤벨,컴파운드,대퇴사두근/대둔근,햄스트링/종아리,5~8 (근력) / 6~12 (비대),180~300,1~2.5kg,중급,높음
P071,하체,케틀벨 프론트 스쿼트,케틀벨,컴파운드,대퇴사두근,햄스트링/척추기립근,5~8 (근력) / 6~12 (비대),180~300,4kg,중급,높음
P072,하체,케이블 힙 어브덕션,케이블,아이솔레이션,중둔근,,8~15,60~120,2.5kg,초보,높음
P073,하체,케이블 힙 익스텐션,케이블,아이솔레이션,대둔근/햄스트링,,8~15,60~120,2.5kg,초보,높음
P074,하체,힙 글루트 머신,머신,아이솔레이션,대둔근/햄스트링,,8~15,60~120,5kg,초보,높음
P075,하체,바벨 카프 레이즈,바벨,아이솔레이션,비복근/가자미근,,8~15,60~120,2.5kg,초보,높음
P076,하체,덤벨 백 런지,덤벨,컴파운드,대퇴사두근/대둔근,햄스트링/종아리,5~8 (근력) / 6~12 (비대),180~300,1~2.5kg,중급,높음
P077,하체,박스 피스톨 스쿼트,맨몸,컴파운드,대퇴사두근/대둔근,햄스트링/척추기립근,5~8 (근력) / 6~12 (비대),180~300,맨몸/체중조끼,고급,높음
P078,하체,박스 케틀벨 스쿼트,케틀벨,컴파운드,대퇴사두근/대둔근,햄스트링/척추기립근,5~8 (근력) / 6~12 (비대),180~300,4kg,중급,높음
P079,하체,박스 바벨 스쿼트,바벨,컴파운드,대퇴사두근/대둔근,햄스트링/척추기립근,5~8 (근력) / 6~12 (비대),180~300,2.5kg,중급,높음
P080,하체,시티드 레그 컬,머신,아이솔레이션,햄스트링,,8~15,60~120,5kg,초보,높음
P081,하체,리버스 하이퍼 머신,머신,아이솔레이션,대퇴사두근/대둔근,,8~15,60~120,5kg,초보,높음
P082,하체,보수볼 스쿼트,보수볼,컴파운드,대퇴사두근/대둔근,햄스트링/척추기립근,5~8 (근력) / 6~12 (비대),180~300,맨몸,초보,높음
P083,하체,스플릿 스쿼트,바벨,컴파운드,대퇴사두근/대둔근,햄스트링/척추기립근,5~8 (근력) / 6~12 (비대),180~300,2.5kg,중급,높음
P084,하체,덤벨 스플릿 스쿼트,덤벨,컴파운드,대퇴사두근/대둔근,햄스트링/척추기립근,5~8 (근력) / 6~12 (비대),180~300,1~2.5kg,중급,높음
P085,하체,시티드 레그 프레스 카프 레이즈,머신,컴파운드,비복근/가자미근,햄스트링/척추기립근,5~8 (근력) / 6~12 (비대),180~300,5kg,초보,높음
P086,하체,케틀벨 런지,케틀벨,컴파운드,대퇴사두근/대둔근,햄스트링/종아리,5~8 (근력) / 6~12 (비대),180~300,4kg,중급,높음
P087,하체,케틀벨 고블릿 스쿼트,케틀벨,컴파운드,대퇴사두근/대둔근,햄스트링/척추기립근,5~8 (근력) / 6~12 (비대),180~300,4kg,중급,높음
P088,하체,원 레그 케틀벨 데드리프트,케틀벨,컴파운드,햄스트링/대둔근/척추기립근,광배근/승모근/전완근,5~8 (근력) / 6~12 (비대),180~300,4kg,고급,높음
P089,하체,스미스 머신 힙 쓰러스트,스미스 머신,컴파운드,대둔근/햄스트링,대퇴사두근/햄스트링,5~8 (근력) / 6~12 (비대),180~300,2.5kg,초보,높음
P090,하체,스미스 머신 카프 레이즈,스미스 머신,아이솔레이션,비복근/가자미근,,8~15,60~120,2.5kg,초보,높음
P091,하체,스탠딩 힙 어브덕션,머신,아이솔레이션,중둔근,,8~15,60~120,5kg,초보,높음
P092,하체,밴드 힙 어브덕션,밴드,아이솔레이션,중둔근,,8~15,60~120,저항 단계,초보,높음
P093,하체,덤벨 크로스 런지,덤벨,컴파운드,대퇴사두근/대둔근,햄스트링/종아리,5~8 (근력) / 6~12 (비대),180~300,1~2.5kg,중급,높음
P094,하체,크랩 워킹,맨몸,컴파운드,대퇴사두근/대둔근,햄스트링/종아리,5~8 (근력) / 6~12 (비대),180~300,맨몸/체중조끼,초보,높음
P095,하체,몬스터 글루트 머신,머신,아이솔레이션,대둔근/햄스트링,,8~15,60~120,5kg,초보,높음
P096,하체,덤벨 워킹 런지,덤벨,컴파운드,대퇴사두근/대둔근,햄스트링/종아리,5~8 (근력) / 6~12 (비대),180~300,1~2.5kg,중급,높음
P097,하체,바벨 워킹 런지,바벨,컴파운드,대퇴사두근/대둔근,햄스트링/종아리,5~8 (근력) / 6~12 (비대),180~300,2.5kg,중급,높음
P098,하체,원 레그 스미스 머신 데드리프트,스미스 머신,컴파운드,햄스트링/대둔근/척추기립근,광배근/승모근/전완근,5~8 (근력) / 6~12 (비대),180~300,2.5kg,고급,높음
P099,하체,덤벨 와이드 스쿼트,덤벨,컴파운드,대퇴사두근/대둔근,햄스트링/척추기립근,5~8 (근력) / 6~12 (비대),180~300,1~2.5kg,중급,높음
P100,하체,내로우 스쿼트(맨몸),맨몸,컴파운드,대퇴사두근/대둔근,햄스트링/척추기립근,5~8 (근력) / 6~12 (비대),180~300,맨몸/체중조끼,초보,높음
P101,하체,스미스 머신 크로스 런지,스미스 머신,컴파운드,대퇴사두근/대둔근,햄스트링/종아리,5~8 (근력) / 6~12 (비대),180~300,2.5kg,초보,높음
P102,하체,로우 런지,맨몸,컴파운드,대퇴사두근/대둔근,햄스트링/종아리,5~8 (근력) / 6~12 (비대),180~300,맨몸/체중조끼,초보,높음
P103,하체,런지 트위스트,맨몸,컴파운드,대퇴사두근/대둔근,햄스트링/종아리,5~8 (근력) / 6~12 (비대),180~300,맨몸/체중조끼,초보,높음
P104,하체,레버리지 스쿼트,머신,컴파운드,대퇴사두근/대둔근,햄스트링/척추기립근,5~8 (근력) / 6~12 (비대),180~300,5kg,초보,높음
P105,하체,리버스 브이 스쿼트,머신,컴파운드,대퇴사두근/대둔근,햄스트링/척추기립근,5~8 (근력) / 6~12 (비대),180~300,5kg,초보,높음
P106,하체,리버스 핵 스쿼트,머신,컴파운드,대퇴사두근/대둔근,햄스트링/척추기립근,5~8 (근력) / 6~12 (비대),180~300,5kg,초보,높음
P107,하체,스미스 머신 스티프 데드리프트,스미스 머신,컴파운드,햄스트링/대둔근,광배근/승모근/전완근,5~8 (근력) / 6~12 (비대),180~300,2.5kg,초보,높음
P108,하체,스미스 머신 데드리프트,스미스 머신,컴파운드,햄스트링/대둔근/척추기립근,광배근/승모근/전완근,5~8 (근력) / 6~12 (비대),180~300,2.5kg,초보,높음
P109,하체,스비스 머신 스모 데드리프트,머신,컴파운드,햄스트링/대둔근/척추기립근,광배근/승모근/전완근,5~8 (근력) / 6~12 (비대),180~300,5kg,초보,높음
P110,하체,덤벨 레터럴 스텝업,덤벨,컴파운드,대퇴사두근/대둔근,햄스트링/종아리,5~8 (근력) / 6~12 (비대),180~300,1~2.5kg,중급,높음
P111,하체,케틀벨 레터럴 스텝업,케틀벨,컴파운드,대퇴사두근/대둔근,햄스트링/종아리,5~8 (근력) / 6~12 (비대),180~300,4kg,중급,높음
P112,하체,덤벨 스텝업,덤벨,컴파운드,대퇴사두근/대둔근,햄스트링/종아리,5~8 (근력) / 6~12 (비대),180~300,1~2.5kg,중급,높음
P113,하체,밴드 스텝업,밴드,컴파운드,대퇴사두근/대둔근,햄스트링/종아리,5~8 (근력) / 6~12 (비대),180~300,저항 단계,초보,높음
P114,하체,스미스 머신 닐링 스쿼트,스미스 머신,컴파운드,대퇴사두근/대둔근,햄스트링/척추기립근,5~8 (근력) / 6~12 (비대),180~300,2.5kg,초보,높음
P115,하체,덤벨 힙 쓰러스트,덤벨,컴파운드,대둔근/햄스트링,대퇴사두근/햄스트링,5~8 (근력) / 6~12 (비대),180~300,1~2.5kg,중급,높음
P116,하체,노르딕 컬,맨몸,아이솔레이션,대퇴사두근/대둔근,,8~15,60~120,맨몸/체중조끼,초보,높음
P117,하체,씨시 스쿼트,바벨,컴파운드,대퇴사두근/대둔근,햄스트링/척추기립근,5~8 (근력) / 6~12 (비대),180~300,2.5kg,중급,높음
P118,하체,스미스 머신 스플릿 스쿼트,스미스 머신,컴파운드,대퇴사두근/대둔근,햄스트링/척추기립근,5~8 (근력) / 6~12 (비대),180~300,2.5kg,초보,높음
P119,하체,핵 프레스 머신,머신,컴파운드,대퇴사두근/대둔근,햄스트링/종아리,5~8 (근력) / 6~12 (비대),180~300,5kg,초보,높음
P120,하체,케이블 풀 쓰루,케이블,컴파운드,대퇴사두근/대둔근,햄스트링/종아리,5~8 (근력) / 6~12 (비대),180~300,2.5kg,초보,높음
P121,하체,원레그 핵 스쿼트,머신,컴파운드,대퇴사두근/대둔근,햄스트링/척추기립근,5~8 (근력) / 6~12 (비대),180~300,5kg,초보,높음
P122,하체,점프 덤벨 스쿼트,덤벨,컴파운드,대퇴사두근/대둔근,햄스트링/척추기립근,5~8 (근력) / 6~12 (비대),180~300,1~2.5kg,중급,높음
P123,하체,케이블 스쿼트,케이블,컴파운드,대퇴사두근/대둔근,햄스트링/척추기립근,5~8 (근력) / 6~12 (비대),180~300,2.5kg,초보,높음
P124,하체,스미스 머신 불가리안 스플릿 스쿼트,스미스 머신,컴파운드,대퇴사두근/대둔근,햄스트링/척추기립근,5~8 (근력) / 6~12 (비대),180~300,2.5kg,초보,높음
P125,하체,덤벨 내로우 스쿼트,덤벨,컴파운드,대퇴사두근/대둔근,햄스트링/척추기립근,5~8 (근력) / 6~12 (비대),180~300,1~2.5kg,중급,높음
P126,하체,브이 스쿼트 굿모닝,머신,컴파운드,햄스트링/대둔근,햄스트링/척추기립근,5~8 (근력) / 6~12 (비대),180~300,5kg,초보,높음
P127,하체,굿모닝,바벨,컴파운드,햄스트링/대둔근,햄스트링/종아리,5~8 (근력) / 6~12 (비대),180~300,2.5kg,중급,높음
P128,하체,원 레그 프레스,머신,컴파운드,대퇴사두근/대둔근,햄스트링/척추기립근,5~8 (근력) / 6~12 (비대),180~300,5kg,고급,높음
P129,하체,케틀벨 와이드 스쿼트,케틀벨,컴파운드,대퇴사두근/대둔근,햄스트링/척추기립근,5~8 (근력) / 6~12 (비대),180~300,4kg,중급,높음
P130,하체,덤벨 루마니안 데드리프트,덤벨,컴파운드,햄스트링/대둔근,광배근/승모근/전완근,5~8 (근력) / 6~12 (비대),180~300,1~2.5kg,중급,높음
P131,하체,루마니안 데드리프트,바벨,컴파운드,햄스트링/대둔근,광배근/승모근/전완근,5~8 (근력) / 6~12 (비대),180~300,2.5kg,중급,높음
P132,하체,글루트 믹 백 머신,머신,아이솔레이션,대둔근/햄스트링,,8~15,60~120,5kg,초보,높음
P133,하체,시티드 원 레그 컬,머신,아이솔레이션,햄스트링,,8~15,60~120,5kg,고급,높음
P134,하체,백 익스텐션,머신,아이솔레이션,햄스트링/대둔근,,8~15,60~120,5kg,초보,높음
P135,가슴,벤치 프레스,바벨,컴파운드,대흉근,전면 삼각근/삼두근,5~8 (근력) / 6~12 (비대),120~180,2.5kg,중급,높음
P136,가슴,덤벨 벤치 프레스,덤벨,컴파운드,대흉근,전면 삼각근/삼두근,5~8 (근력) / 6~12 (비대),120~180,1~2.5kg,중급,높음
P137,가슴,덤벨 풀오버,덤벨,아이솔레이션,대흉근/광배근,,8~15,60~120,1~2.5kg,초보,높음
P138,가슴,펙덱 플라이,머신,아이솔레이션,대흉근,,8~15,60~120,5kg,초보,높음
P139,가슴,덤벨 플라이,덤벨,아이솔레이션,대흉근,,8~15,60~120,1~2.5kg,초보,높음
P140,가슴,푸쉬업,맨몸,컴파운드,대흉근,전면 삼각근/삼두근,5~8 (근력) / 6~12 (비대),120~180,맨몸/체중조끼,초보,높음
P141,가슴,케이블 크로스오버,케이블,컴파운드,대흉근,전면 삼각근/삼두근,5~8 (근력) / 6~12 (비대),120~180,2.5kg,초보,높음
P142,가슴,딥스,맨몸,컴파운드,대흉근,전면 삼각근/삼두근,5~8 (근력) / 6~12 (비대),120~180,맨몸/체중조끼,중급,높음
P143,가슴,체스트 프레스 머신,머신,컴파운드,대흉근,전면 삼각근/삼두근,5~8 (근력) / 6~12 (비대),120~180,5kg,초보,높음
P144,가슴,스미스 머신 벤치 프레스,스미스 머신,컴파운드,대흉근,전면 삼각근/삼두근,5~8 (근력) / 6~12 (비대),120~180,2.5kg,초보,높음
P145,가슴,디클라인 벤치 프레스,바벨,컴파운드,하부 대흉근,전면 삼각근/삼두근,5~8 (근력) / 6~12 (비대),120~180,2.5kg,중급,높음
P146,가슴,디클라인 덤벨 벤치 프레스,덤벨,컴파운드,하부 대흉근,전면 삼각근/삼두근,5~8 (근력) / 6~12 (비대),120~180,1~2.5kg,중급,높음
P147,가슴,인크라인 벤치 프레스,바벨,컴파운드,상부 대흉근,전면 삼각근/삼두근,5~8 (근력) / 6~12 (비대),120~180,2.5kg,중급,높음
P148,가슴,인클라인 덤벨 벤치 프레스,덤벨,컴파운드,상부 대흉근,전면 삼각근/삼두근,5~8 (근력) / 6~12 (비대),120~180,1~2.5kg,중급,높음
P149,가슴,로우 케이블 크로스오버,케이블,컴파운드,대흉근,전면 삼각근/삼두근,5~8 (근력) / 6~12 (비대),120~180,2.5kg,초보,높음
P150,가슴,케이블 벤치 프레스,케이블,컴파운드,대흉근,전면 삼각근/삼두근,5~8 (근력) / 6~12 (비대),120~180,2.5kg,초보,높음
P151,가슴,밴드 체스트 프레스,밴드,컴파운드,대흉근,전면 삼각근/삼두근,5~8 (근력) / 6~12 (비대),120~180,저항 단계,초보,높음
P152,가슴,디클라인 스미스 머신 벤치 프레스,스미스 머신,컴파운드,하부 대흉근,전면 삼각근/삼두근,5~8 (근력) / 6~12 (비대),120~180,2.5kg,초보,높음
P153,가슴,인클라인 스미스 머신 벤치 프레스,스미스 머신,컴파운드,상부 대흉근,전면 삼각근/삼두근,5~8 (근력) / 6~12 (비대),120~180,2.5kg,초보,높음
P154,가슴,인클라인 케이블 벤치 프레스,케이블,컴파운드,상부 대흉근,전면 삼각근/삼두근,5~8 (근력) / 6~12 (비대),120~180,2.5kg,초보,높음
P155,가슴,인클라인 벤치 프레스 머신,머신,컴파운드,상부 대흉근,전면 삼각근/삼두근,5~8 (근력) / 6~12 (비대),120~180,5kg,초보,높음
P156,가슴,인클라인 덤벨 플라이,덤벨,아이솔레이션,상부 대흉근,,8~15,60~120,1~2.5kg,초보,높음
P157,가슴,디클라인 벤치 프레스 머신,머신,컴파운드,하부 대흉근,전면 삼각근/삼두근,5~8 (근력) / 6~12 (비대),120~180,5kg,초보,높음
P158,가슴,인클라인 케이블 플라이,케이블,아이솔레이션,상부 대흉근,,8~15,60~120,2.5kg,초보,높음
P159,가슴,인클라인 푸쉬업,맨몸,컴파운드,상부 대흉근,전면 삼각근/삼두근,5~8 (근력) / 6~12 (비대),120~180,맨몸/체중조끼,초보,높음
P160,가슴,해머 벤치 프레스,바벨,컴파운드,대흉근,전면 삼각근/삼두근,5~8 (근력) / 6~12 (비대),120~180,2.5kg,중급,높음
P161,가슴,원 암 덤벨 벤치 프레스,덤벨,컴파운드,대흉근,전면 삼각근/삼두근,5~8 (근력) / 6~12 (비대),120~180,1~2.5kg,중급,높음
P162,가슴,푸쉬업,맨몸,컴파운드,대흉근,전면 삼각근/삼두근,5~8 (근력) / 6~12 (비대),120~180,맨몸/체중조끼,초보,높음
P163,가슴,숄더 탭 푸쉬업,맨몸,컴파운드,대흉근,전면 삼각근/삼두근,5~8 (근력) / 6~12 (비대),120~180,맨몸/체중조끼,초보,높음
P164,가슴,니 푸쉬업,맨몸,컴파운드,대흉근,전면 삼각근/삼두근,5~8 (근력) / 6~12 (비대),120~180,맨몸/체중조끼,초보,높음
P165,가슴,바벨 풀오버,바벨,아이솔레이션,대흉근/광배근,,8~15,60~120,2.5kg,초보,높음
P166,가슴,벤치 케이블 풀라이,케이블,아이솔레이션,대흉근,,8~15,60~120,2.5kg,초보,높음
P167,가슴,아처 푸쉬업,맨몸,컴파운드,대흉근,전면 삼각근/삼두근,5~8 (근력) / 6~12 (비대),120~180,맨몸/체중조끼,초보,높음
P168,가슴,다이아몬드 푸쉬업,맨몸,컴파운드,대흉근,전면 삼각근/삼두근,5~8 (근력) / 6~12 (비대),120~180,맨몸/체중조끼,초보,높음
P169,가슴,와이드 푸쉬업,맨몸,컴파운드,대흉근,전면 삼각근/삼두근,5~8 (근력) / 6~12 (비대),120~180,맨몸/체중조끼,초보,높음
P170,가슴,어시스트 입스,머신,컴파운드,대흉근,전면 삼각근/삼두근,5~8 (근력) / 6~12 (비대),120~180,5kg,초보,높음
P171,가슴,중량 딥스,맨몸,컴파운드,대흉근,전면 삼각근/삼두근,5~8 (근력) / 6~12 (비대),120~180,맨몸/체중조끼,중급,높음
P172,가슴,인클라인 클로즈 그립 벤치 프레스,바벨,컴파운드,상부 대흉근,전면 삼각근/삼두근,5~8 (근력) / 6~12 (비대),120~180,2.5kg,중급,높음
P173,가슴,클로즈 그립 덤벨 벤치 프레스,덤벨,컴파운드,대흉근,전면 삼각근/삼두근,5~8 (근력) / 6~12 (비대),120~180,1~2.5kg,중급,높음
P174,가슴,중량 푸쉬업,맨몸,컴파운드,대흉근,전면 삼각근/삼두근,5~8 (근력) / 6~12 (비대),120~180,맨몸/체중조끼,초보,높음
P175,가슴,인클라인 클로즈 그립 덤벨 벤치 프레스,덤벨,컴파운드,상부 대흉근,전면 삼각근/삼두근,5~8 (근력) / 6~12 (비대),120~180,1~2.5kg,중급,높음
P176,가슴,디클라인 덤벨 플라이,덤벨,아이솔레이션,하부 대흉근,,8~15,60~120,1~2.5kg,초보,높음
P177,가슴,스탠딩 케이블 플라이,케이블,아이솔레이션,대흉근,,8~15,60~120,2.5kg,초보,높음
P178,가슴,원암 케이블 체스트 프레스,케이블,컴파운드,대흉근,전면 삼각근/삼두근,5~8 (근력) / 6~12 (비대),120~180,2.5kg,초보,높음
P179,가슴,인클라인 플라이 머신,머신,아이솔레이션,상부 대흉근,,8~15,60~120,5kg,초보,높음
P180,등,데드리프트(컨벤셔널),바벨,컴파운드,척추기립근/광배근,햄스트링/대둔근/전완근,5~8 (근력) / 6~12 (비대),120~180,2.5kg,중급,높음
P181,등,루마니안 데드리프트,바벨,컴파운드,척추기립근/광배근,햄스트링/대둔근/전완근,5~8 (근력) / 6~12 (비대),120~180,2.5kg,중급,높음
P182,등,바벨 로우,바벨,컴파운드,광배근/승모근 중하부,이두근/후면 삼각근/척추기립근,5~8 (근력) / 6~12 (비대),120~180,2.5kg,중급,높음
P183,등,풀 업,맨몸,컴파운드,광배근,이두근/후면 삼각근,5~8 (근력) / 6~12 (비대),120~180,맨몸/체중조끼,중급,높음
P184,등,랫 풀다운,머신,컴파운드,광배근,이두근/후면 삼각근,5~8 (근력) / 6~12 (비대),120~180,5kg,초보,높음
P185,등,백 익스텐션,머신,아이솔레이션,척추기립근,,8~15,60~120,5kg,초보,높음
P186,등,원 암 덤벨 로우,덤벨,컴파운드,광배근/승모근 중하부,이두근/후면 삼각근/척추기립근,5~8 (근력) / 6~12 (비대),120~180,1~2.5kg,중급,높음
P187,등,시티드 케이블 로우,케이블,컴파운드,광배근/승모근 중하부,이두근/후면 삼각근/척추기립근,5~8 (근력) / 6~12 (비대),120~180,2.5kg,초보,높음
P188,등,시티드 로우 머신,머신,컴파운드,광배근/승모근 중하부,이두근/후면 삼각근/척추기립근,5~8 (근력) / 6~12 (비대),120~180,5kg,초보,높음
P189,등,덤벨 데드리프트,덤벨,컴파운드,척추기립근/광배근,햄스트링/대둔근/전완근,5~8 (근력) / 6~12 (비대),120~180,1~2.5kg,중급,높음
P190,등,밴드 벤트 오버 로우,밴드,컴파운드,광배근/승모근 중하부,이두근/후면 삼각근/척추기립근,5~8 (근력) / 6~12 (비대),120~180,저항 단계,초보,높음
P191,등,레니세이드 로우,바벨,컴파운드,광배근/승모근 중하부,이두근/후면 삼각근/척추기립근,5~8 (근력) / 6~12 (비대),120~180,2.5kg,중급,높음
P192,등,인클라인 로우,바벨,컴파운드,광배근/승모근 중하부,이두근/후면 삼각근/척추기립근,5~8 (근력) / 6~12 (비대),120~180,2.5kg,중급,높음
P193,등,인버티드 로우,바벨,컴파운드,광배근/승모근 중하부,이두근/후면 삼각근/척추기립근,5~8 (근력) / 6~12 (비대),120~180,2.5kg,중급,높음
P194,등,티 바 로우,바벨,컴파운드,광배근/승모근 중하부,이두근/후면 삼각근/척추기립근,5~8 (근력) / 6~12 (비대),120~180,2.5kg,중급,높음
P195,등,백 랫 풀다운,머신,컴파운드,광배근,이두근/후면 삼각근,5~8 (근력) / 6~12 (비대),120~180,5kg,초보,높음
P196,등,로우 로우 머신,머신,컴파운드,광배근/승모근 중하부,이두근/후면 삼각근/척추기립근,5~8 (근력) / 6~12 (비대),120~180,5kg,초보,높음
P197,등,스미스 머신 바벨 로우,스미스 머신,컴파운드,광배근/승모근 중하부,이두근/후면 삼각근/척추기립근,5~8 (근력) / 6~12 (비대),120~180,2.5kg,초보,높음
P198,등,암 풀 다운,케이블,아이솔레이션,광배근,,8~15,60~120,2.5kg,초보,높음
P199,등,밴드 로우,밴드,컴파운드,광배근/승모근 중하부,이두근/후면 삼각근/척추기립근,5~8 (근력) / 6~12 (비대),120~180,저항 단계,초보,높음
P200,등,덤벨 로우,덤벨,컴파운드,광배근/승모근 중하부,이두근/후면 삼각근/척추기립근,5~8 (근력) / 6~12 (비대),120~180,1~2.5kg,중급,높음
P201,등,펜들레이 로우,바벨,컴파운드,광배근/승모근 중하부,이두근/후면 삼각근/척추기립근,5~8 (근력) / 6~12 (비대),120~180,2.5kg,중급,높음
P202,등,원 암 랫 풀다운,머신,컴파운드,광배근,이두근/후면 삼각근,5~8 (근력) / 6~12 (비대),120~180,5kg,초보,높음
P203,등,랙 풀,바벨,컴파운드,광배근,이두근,5~8 (근력) / 6~12 (비대),120~180,2.5kg,중급,높음
P204,등,백 익스텐션 머신,머신,아이솔레이션,척추기립근,,8~15,60~120,5kg,초보,높음
P205,등,굿모닝,바벨,컴파운드,척추기립근,이두근,5~8 (근력) / 6~12 (비대),120~180,2.5kg,중급,높음
P206,등,밴드 데드리프트,밴드,컴파운드,척추기립근/광배근,햄스트링/대둔근/전완근,5~8 (근력) / 6~12 (비대),120~180,저항 단계,초보,높음
P207,등,하이 로우 머신,머신,컴파운드,광배근/승모근 중하부,이두근/후면 삼각근/척추기립근,5~8 (근력) / 6~12 (비대),120~180,5kg,초보,높음
P208,등,와이드 풀다운 머신,머신,컴파운드,광배근,이두근/후면 삼각근,5~8 (근력) / 6~12 (비대),120~180,5kg,초보,높음
P209,등,케틀벨 로우,케틀벨,컴파운드,광배근/승모근 중하부,이두근/후면 삼각근/척추기립근,5~8 (근력) / 6~12 (비대),120~180,4kg,중급,높음
P210,등,원 암 케이블 랫 풀다운,케이블,컴파운드,광배근,이두근/후면 삼각근,5~8 (근력) / 6~12 (비대),120~180,2.5kg,초보,높음
P211,등,원 암 시티드 로우 머신,머신,컴파운드,광배근/승모근 중하부,이두근/후면 삼각근/척추기립근,5~8 (근력) / 6~12 (비대),120~180,5kg,초보,높음
P212,등,랫 풀다운 머신,머신,컴파운드,광배근,이두근/후면 삼각근,5~8 (근력) / 6~12 (비대),120~180,5kg,초보,높음
P213,등,라잉 백 익스텐션,머신,아이솔레이션,척추기립근,,8~15,60~120,5kg,초보,높음
P214,등,클로즈 그립 티 바 로우,바벨,컴파운드,광배근/승모근 중하부,이두근/후면 삼각근/척추기립근,5~8 (근력) / 6~12 (비대),120~180,2.5kg,중급,높음
P215,등,케틀벨 데드리프트,케틀벨,컴파운드,척추기립근/광배근,햄스트링/대둔근/전완근,5~8 (근력) / 6~12 (비대),120~180,4kg,중급,높음
P216,등,언더핸드 바벨 로우,바벨,컴파운드,광배근/승모근 중하부,이두근/후면 삼각근/척추기립근,5~8 (근력) / 6~12 (비대),120~180,2.5kg,중급,높음
P217,등,언더핸드 스미스 머신 바벨 로우,스미스 머신,컴파운드,광배근/승모근 중하부,이두근/후면 삼각근/척추기립근,5~8 (근력) / 6~12 (비대),120~180,2.5kg,초보,높음
P218,등,원 암 시티드 케이블 로우,케이블,컴파운드,광배근/승모근 중하부,이두근/후면 삼각근/척추기립근,5~8 (근력) / 6~12 (비대),120~180,2.5kg,초보,높음
P219,등,패러럴 그립 시티드 케이블 로우,케이블,컴파운드,광배근/승모근 중하부,이두근/후면 삼각근/척추기립근,5~8 (근력) / 6~12 (비대),120~180,2.5kg,초보,높음
P220,등,와이드 그립 시티드 케이블 로우,케이블,컴파운드,광배근/승모근 중하부,이두근/후면 삼각근/척추기립근,5~8 (근력) / 6~12 (비대),120~180,2.5kg,초보,높음
P221,등,원 암 케틀벨 로우,케틀벨,컴파운드,광배근/승모근 중하부,이두근/후면 삼각근/척추기립근,5~8 (근력) / 6~12 (비대),120~180,4kg,중급,높음
P222,등,스탠딩 케이블 로우,케이블,컴파운드,광배근/승모근 중하부,이두근/후면 삼각근/척추기립근,5~8 (근력) / 6~12 (비대),120~180,2.5kg,초보,높음
P223,등,어시스트 풀 업,맨몸,컴파운드,광배근,이두근/후면 삼각근,5~8 (근력) / 6~12 (비대),120~180,맨몸/체중조끼,중급,높음
P224,등,패러럴 그립 어시스트 풀 업,맨몸,컴파운드,광배근,이두근/후면 삼각근,5~8 (근력) / 6~12 (비대),120~180,맨몸/체중조끼,중급,높음
P225,등,중량 풀 업,맨몸,컴파운드,광배근,이두근/후면 삼각근,5~8 (근력) / 6~12 (비대),120~180,맨몸/체중조끼,중급,높음
P226,등,아처 풀 업,맨몸,컴파운드,광배근,이두근/후면 삼각근,5~8 (근력) / 6~12 (비대),120~180,맨몸/체중조끼,중급,높음
P227,등,밴드 어시스트 풀 업,밴드,컴파운드,광배근,이두근/후면 삼각근,5~8 (근력) / 6~12 (비대),120~180,저항 단계,초보,높음
P228,등,어시스트 친 업,맨몸,컴파운드,광배근,이두근/후면 삼각근,5~8 (근력) / 6~12 (비대),120~180,맨몸/체중조끼,중급,높음
P229,등,중량 친 업,맨몸,컴파운드,광배근,이두근/후면 삼각근,5~8 (근력) / 6~12 (비대),120~180,맨몸/체중조끼,중급,높음
P230,등,밴드 어시스트 친 업,밴드,컴파운드,광배근,이두근/후면 삼각근,5~8 (근력) / 6~12 (비대),120~180,저항 단계,초보,높음
P231,등,패러럴 그립 친 업,맨몸,컴파운드,광배근,이두근/후면 삼각근,5~8 (근력) / 6~12 (비대),120~180,맨몸/체중조끼,중급,높음
P232,등,클로즈 그립 친 업,맨몸,컴파운드,광배근,이두근/후면 삼각근,5~8 (근력) / 6~12 (비대),120~180,맨몸/체중조끼,중급,높음
P233,등,클로즈 그립 케이블 랫 풀다운,케이블,컴파운드,광배근,이두근/후면 삼각근,5~8 (근력) / 6~12 (비대),120~180,2.5kg,초보,높음
P234,등,패러럴 그립 랫 풀다운,머신,컴파운드,광배근,이두근/후면 삼각근,5~8 (근력) / 6~12 (비대),120~180,5kg,초보,높음
P235,등,언더핸드 케이블 랫 풀다운,케이블,컴파운드,광배근,이두근/후면 삼각근,5~8 (근력) / 6~12 (비대),120~180,2.5kg,초보,높음
P236,등,암 풀다운(로프),머신,컴파운드,광배근,이두근/후면 삼각근,5~8 (근력) / 6~12 (비대),120~180,5kg,초보,높음
P237,등,클로즈 그립 풀 업,맨몸,컴파운드,광배근,이두근/후면 삼각근,5~8 (근력) / 6~12 (비대),120~180,맨몸/체중조끼,중급,높음
P238,등,와이드 그립 풀 업,맨몸,컴파운드,광배근,이두근/후면 삼각근,5~8 (근력) / 6~12 (비대),120~180,맨몸/체중조끼,중급,높음
P239,등,케이블 하이 로우,케이블,컴파운드,광배근/승모근 중하부,이두근/후면 삼각근/척추기립근,5~8 (근력) / 6~12 (비대),120~180,2.5kg,초보,높음
P240,등,원 암 케이블 하이 로우,케이블,컴파운드,광배근/승모근 중하부,이두근/후면 삼각근/척추기립근,5~8 (근력) / 6~12 (비대),120~180,2.5kg,초보,높음
P241,등,원 암 풀 업,맨몸,컴파운드,광배근,이두근/후면 삼각근,5~8 (근력) / 6~12 (비대),120~180,맨몸/체중조끼,고급,높음
P242,등,원 암 와이드 풀다운 머신,머신,컴파운드,광배근,이두근/후면 삼각근,5~8 (근력) / 6~12 (비대),120~180,5kg,초보,높음
P243,등,클로즈 그립 랫 풀다운,머신,컴파운드,광배근,이두근/후면 삼각근,5~8 (근력) / 6~12 (비대),120~180,5kg,초보,높음
P244,등,케이블 데드리프트,케이블,컴파운드,척추기립근/광배근,햄스트링/대둔근/전완근,5~8 (근력) / 6~12 (비대),120~180,2.5kg,초보,높음
P245,등,플레이트 백 익스텐션,플레이트,아이솔레이션,척추기립근,,8~15,60~120,2.5kg,초보,높음
P246,등,덤벨 백 익스텐션,덤벨,아이솔레이션,척추기립근,,8~15,60~120,1~2.5kg,초보,높음
P247,등,바벨 백 익스텐션,바벨,아이솔레이션,척추기립근,,8~15,60~120,2.5kg,초보,높음
P248,등,케이블 슈러그,케이블,아이솔레이션,승모근 상부,,8~15,60~120,2.5kg,초보,높음
P249,등,패러럴 그립 와이드 풀다운 리어머신,머신,컴파운드,광배근,이두근/후면 삼각근,5~8 (근력) / 6~12 (비대),120~180,5kg,초보,높음
P250,등,덤벨 실로우,덤벨,컴파운드,광배근/승모근 중하부,이두근/후면 삼각근/척추기립근,5~8 (근력) / 6~12 (비대),120~180,1~2.5kg,중급,높음
P251,등,바벨 실로우,바벨,컴파운드,광배근/승모근 중하부,이두근/후면 삼각근/척추기립근,5~8 (근력) / 6~12 (비대),120~180,2.5kg,중급,높음
P252,등,맥그립 랫 풀다운,머신,컴파운드,광배근,이두근/후면 삼각근,5~8 (근력) / 6~12 (비대),120~180,5kg,초보,높음
P253,등,원 암 하이 로우 머신,머신,컴파운드,광배근/승모근 중하부,이두근/후면 삼각근/척추기립근,5~8 (근력) / 6~12 (비대),120~180,5kg,초보,높음
P254,등,원 암 로우 로우 머신,머신,컴파운드,광배근/승모근 중하부,이두근/후면 삼각근/척추기립근,5~8 (근력) / 6~12 (비대),120~180,5kg,초보,높음
P255,등,풀오버 머신,머신,아이솔레이션,광배근,,8~15,60~120,5kg,초보,높음
P256,등,리니어 로우 머신(바벨 로우 머신),머신,컴파운드,광배근/승모근 중하부,이두근/후면 삼각근/척추기립근,5~8 (근력) / 6~12 (비대),120~180,5kg,초보,높음
P257,등,밴트 오버 로우 머신,머신,컴파운드,광배근/승모근 중하부,이두근/후면 삼각근/척추기립근,5~8 (근력) / 6~12 (비대),120~180,5kg,초보,높음
P258,등,리버스 펙덱 플라이,머신,아이솔레이션,광배근,,8~15,60~120,5kg,초보,높음
P259,등,벤트오버 와이드 덤벨 로우,덤벨,컴파운드,광배근/승모근 중하부,이두근/후면 삼각근/척추기립근,5~8 (근력) / 6~12 (비대),120~180,1~2.5kg,중급,높음
P260,등,클로즈 맥그립 랫 풀다운,머신,컴파운드,광배근,이두근/후면 삼각근,5~8 (근력) / 6~12 (비대),120~180,5kg,초보,높음
P261,어깨,오버헤드 프레스,바벨,컴파운드,삼각근(전체),삼두근/상부 대흉근,5~8 (근력) / 6~12 (비대),120~180,2.5kg,중급,높음
P262,어깨,덤벨 숄더 프레스,덤벨,컴파운드,삼각근(전체),삼두근/상부 대흉근,5~8 (근력) / 6~12 (비대),120~180,1~2.5kg,중급,높음
P263,어깨,덤벨 레터럴 레이즈(사이드 레터럴 레이즈),덤벨,아이솔레이션,측면 삼각근,,8~15,60~120,1~2.5kg,초보,높음
P264,어깨,숄더 프레스 머신,머신,컴파운드,삼각근(전체),삼두근/상부 대흉근,5~8 (근력) / 6~12 (비대),120~180,5kg,초보,높음
P265,어깨,레터럴 레이즈 머신,머신,아이솔레이션,측면 삼각근,,8~15,60~120,5kg,초보,높음
P266,어깨,시티드 오버헤드 프레스,바벨,컴파운드,삼각근(전체),삼두근/상부 대흉근,5~8 (근력) / 6~12 (비대),120~180,2.5kg,중급,높음
P267,어깨,덤벨 프론트 레이즈,덤벨,아이솔레이션,전면 삼각근,,8~15,60~120,1~2.5kg,초보,높음
P268,어깨,바벨 프론트 레이즈,바벨,아이솔레이션,전면 삼각근,,8~15,60~120,2.5kg,초보,높음
P269,어깨,페이스 풀,케이블,아이솔레이션,후면 삼각근,,8~15,60~120,2.5kg,초보,높음
P270,어깨,리버스 케이블 플라이,케이블,아이솔레이션,후면 삼각근,,8~15,60~120,2.5kg,초보,높음
P271,어깨,바벨 슈러그,바벨,아이솔레이션,승모근 상부,,8~15,60~120,2.5kg,초보,높음
P272,어깨,펙 덱 리어 델트,덤벨,아이솔레이션,후면 삼각근,,8~15,60~120,1~2.5kg,초보,높음
P273,어깨,아놀드 프레스,덤벨,컴파운드,삼각근(전체),삼두근/상부 대흉근,5~8 (근력) / 6~12 (비대),120~180,1~2.5kg,중급,높음
P274,어깨,밴드 오버 레터럴 레이즈,밴드,아이솔레이션,측면 삼각근,,8~15,60~120,저항 단계,초보,높음
P275,어깨,스미스 머신 오버헤드 프레스,스미스 머신,컴파운드,삼각근(전체),삼두근/상부 대흉근,5~8 (근력) / 6~12 (비대),120~180,2.5kg,초보,높음
P276,어깨,밴드 프론트 레이즈,밴드,아이솔레이션,전면 삼각근,,8~15,60~120,저항 단계,초보,높음
P277,어깨,플레이트 프론트 레이즈,플레이트,아이솔레이션,전면 삼각근,,8~15,60~120,2.5kg,초보,높음
P278,어깨,케이블 프론트 레이즈,케이블,아이솔레이션,전면 삼각근,,8~15,60~120,2.5kg,초보,높음
P279,어깨,밴드 레터럴 레이즈,밴드,아이솔레이션,측면 삼각근,,8~15,60~120,저항 단계,초보,높음
P280,어깨,케이블 레터럴 레이즈,케이블,아이솔레이션,측면 삼각근,,8~15,60~120,2.5kg,초보,높음
P281,어깨,케이블 숄더 프레스,케이블,컴파운드,삼각근(전체),삼두근/상부 대흉근,5~8 (근력) / 6~12 (비대),120~180,2.5kg,초보,높음
P282,어깨,덤벨 슈러그,덤벨,아이솔레이션,승모근 상부,,8~15,60~120,1~2.5kg,초보,높음
P283,어깨,바벨 업라이트 로우,바벨,컴파운드,측면 삼각근/승모근,,5~8 (근력) / 6~12 (비대),120~180,2.5kg,중급,높음
P284,어깨,덤벨 업라이트 로우,덤벨,컴파운드,측면 삼각근/승모근,,5~8 (근력) / 6~12 (비대),120~180,1~2.5kg,중급,높음
P285,어깨,스미스 머신 슈러그,스미스 머신,아이솔레이션,승모근 상부,,8~15,60~120,2.5kg,초보,높음
P286,어깨,비하인드 넥 프레스,바벨,컴파운드,삼각근(전체),삼두근/상부 대흉근,5~8 (근력) / 6~12 (비대),120~180,2.5kg,중급,높음
P287,어깨,스미스 머신 비하인드 넥 프레스,스미스 머신,컴파운드,삼각근(전체),삼두근/상부 대흉근,5~8 (근력) / 6~12 (비대),120~180,2.5kg,초보,높음
P288,어깨,이지바 프론트 레이즈,바벨,아이솔레이션,전면 삼각근,,8~15,60~120,2.5kg,초보,높음
P289,어깨,벤트 오버 레터럴 레이즈 머신,머신,아이솔레이션,후면 삼각근,,8~15,60~120,5kg,초보,높음
P290,어깨,원 암 덤벨 숄더프레스,덤벨,컴파운드,삼각근(전체),,5~8 (근력) / 6~12 (비대),120~180,1~2.5kg,중급,높음
P291,어깨,덤벨 비하인드 넥 프레스,덤벨,컴파운드,삼각근(전체),삼두근/상부 대흉근,5~8 (근력) / 6~12 (비대),120~180,1~2.5kg,중급,높음
P292,어깨,벤트오버 케이블 레터럴 레이즈,케이블,아이솔레이션,후면 삼각근,,8~15,60~120,2.5kg,초보,높음
P293,어깨,원 암 케이블 프론트 레이즈,케이블,아이솔레이션,전면 삼각근,,8~15,60~120,2.5kg,초보,높음
P294,어깨,인클라인 덤벨 리어 레터럴 레이즈,덤벨,아이솔레이션,후면 삼각근,,8~15,60~120,1~2.5kg,초보,높음
P295,어깨,원 암 덤벨 레터럴 레이즈,덤벨,아이솔레이션,측면 삼각근,,8~15,60~120,1~2.5kg,초보,높음
P296,어깨,랜드마인 프레스,바벨,컴파운드,삼각근(전체),삼두근/상부 대흉근,5~8 (근력) / 6~12 (비대),120~180,2.5kg,고급,높음
P297,어깨,원 암 페이스풀,케이블,아이솔레이션,후면 삼각근,,8~15,60~120,2.5kg,초보,높음
P298,어깨,바이킹 프레스,바벨,컴파운드,삼각근(전체),삼두근/상부 대흉근,5~8 (근력) / 6~12 (비대),120~180,2.5kg,고급,높음
P299,어깨,케이블 업라이트 로우,케이블,컴파운드,측면 삼각근/승모근,,5~8 (근력) / 6~12 (비대),120~180,2.5kg,초보,높음
P300,어깨,스탠딩 덤벨 숄더 프레스,덤벨,컴파운드,삼각근(전체),삼두근/상부 대흉근,5~8 (근력) / 6~12 (비대),120~180,1~2.5kg,중급,높음
P301,어깨,플레이트 오버헤드 프레스,플레이트,컴파운드,삼각근(전체),삼두근/상부 대흉근,5~8 (근력) / 6~12 (비대),120~180,2.5kg,초보,높음
P302,어깨,원 암 숄더 프레스 머신,머신,컴파운드,삼각근(전체),삼두근/상부 대흉근,5~8 (근력) / 6~12 (비대),120~180,5kg,초보,높음
P303,어깨,원 암 펙 덱 리어 델트,덤벨,아이솔레이션,후면 삼각근,,8~15,60~120,1~2.5kg,초보,높음
P304,어깨,이지바 업라이트 로우,바벨,컴파운드,측면 삼각근/승모근,,5~8 (근력) / 6~12 (비대),120~180,2.5kg,중급,높음
P305,어깨,스미스 머신 업라이트 로우,스미스 머신,컴파운드,측면 삼각근/승모근,,5~8 (근력) / 6~12 (비대),120~180,2.5kg,초보,높음
P306,어깨,스미스 머신 벤트 오버 로우,스미스 머신,컴파운드,후면 삼각근,,5~8 (근력) / 6~12 (비대),120~180,2.5kg,초보,높음
P307,삼두,바벨 트라이셉스 익스텐션,바벨,아이솔레이션,삼두근,,8~15,60~120,2.5kg,초보,높음
P308,삼두,케이블 트라이셉스 푸쉬다운,케이블,아이솔레이션,삼두근,,8~15,60~120,2.5kg,초보,높음
P309,삼두,원 암 덤벨 킥백,덤벨,아이솔레이션,삼두근,,8~15,60~120,1~2.5kg,초보,높음
P310,삼두,덤벨 트라이셉스 익스텐션,덤벨,아이솔레이션,삼두근,,8~15,60~120,1~2.5kg,초보,높음
P311,삼두,원 암 덤벨 트라이셉스 익스텐션,덤벨,아이솔레이션,삼두근,,8~15,60~120,1~2.5kg,초보,높음
P312,삼두,벤치 딥스,맨몸,컴파운드,삼두근,대흉근/전면 삼각근,5~8 (근력) / 6~12 (비대),120~180,맨몸/체중조끼,중급,높음
P313,삼두,원 암 케이블 킥백,케이블,아이솔레이션,삼두근,,8~15,60~120,2.5kg,초보,높음
P314,삼두,오버헤드 케이블 트라이셉스 익스텐션(일어서기),케이블,아이솔레이션,삼두근,,8~15,60~120,2.5kg,초보,높음
P315,삼두,라잉 트라이셉스 익스텐션(스컬 크러셔),바벨,아이솔레이션,삼두근,,8~15,60~120,2.5kg,초보,높음
P316,삼두,딥스 머신,머신,컴파운드,삼두근,대흉근/전면 삼각근,5~8 (근력) / 6~12 (비대),120~180,5kg,초보,높음
P317,삼두,클로즈 그립 벤치 프레스,바벨,컴파운드,삼두근,대흉근/전면 삼각근,5~8 (근력) / 6~12 (비대),120~180,2.5kg,중급,높음
P318,삼두,원 암 케이블 트라이셉스 익스텐션,케이블,아이솔레이션,삼두근,,8~15,60~120,2.5kg,초보,높음
P319,삼두,오버헤드 케이블 트라이셉스 익스텐션(구부리기),케이블,아이솔레이션,삼두근,,8~15,60~120,2.5kg,초보,높음
P320,삼두,트라이셉스 푸쉬다운 머신,머신,아이솔레이션,삼두근,,8~15,60~120,5kg,초보,높음
P321,삼두,라잉 덤벨 트라이셉스 익스텐션,덤벨,아이솔레이션,삼두근,,8~15,60~120,1~2.5kg,초보,높음
P322,삼두,플로어 트라이셉스 딥스,맨몸,컴파운드,삼두근,대흉근/전면 삼각근,5~8 (근력) / 6~12 (비대),120~180,맨몸/체중조끼,중급,높음
P323,삼두,원 암 케티블 트라이셉스 푸쉬다운,케틀벨,아이솔레이션,삼두근,,8~15,60~120,4kg,초보,높음
P324,삼두,케이블 로프 트라이셉스 익스텐션,케이블,아이솔레이션,삼두근,,8~15,60~120,2.5kg,초보,높음
P325,삼두,트라이셉스 익스텐션 머신,머신,아이솔레이션,삼두근,,8~15,60~120,5kg,초보,높음
P326,삼두,체어 딥스,맨몸,컴파운드,삼두근,대흉근/전면 삼각근,5~8 (근력) / 6~12 (비대),120~180,맨몸/체중조끼,중급,높음
P327,삼두,오버헤드 덤벨 트라이셉스 익스텐션,덤벨,아이솔레이션,삼두근,,8~15,60~120,1~2.5kg,초보,높음
P328,삼두,밴드 트라이셉스 푸쉬다운,밴드,아이솔레이션,삼두근,,8~15,60~120,저항 단계,초보,높음
P329,삼두,인클라인 바벨 트라이셉스 익스텐션,바벨,아이솔레이션,삼두근,,8~15,60~120,2.5kg,초보,높음
P330,삼두,인클라인 이지바 트라이셉스 익스텐션,바벨,아이솔레이션,삼두근,,8~15,60~120,2.5kg,초보,높음
P331,삼두,인클라인 덤벨 트라이셉스 익스텐션,덤벨,아이솔레이션,삼두근,,8~15,60~120,1~2.5kg,초보,높음
P332,삼두,덤벨 킥백,덤벨,아이솔레이션,삼두근,,8~15,60~120,1~2.5kg,초보,높음
P333,삼두,오버헤드 트라이셉스 익스텐션 머신,머신,아이솔레이션,삼두근,,8~15,60~120,5kg,초보,높음
P334,삼두,케이블 리버스 푸쉬다운,케이블,아이솔레이션,삼두근,,8~15,60~120,2.5kg,초보,높음
P335,삼두,디클라인 클로즈 그립 스미스 벤치 프레스,스미스 머신,컴파운드,삼두근,대흉근/전면 삼각근,5~8 (근력) / 6~12 (비대),120~180,2.5kg,초보,높음
P336,이두,바벨 컬,바벨,아이솔레이션,이두근,,8~15,60~120,2.5kg,초보,높음
P337,이두,케이블 컬,케이블,아이솔레이션,이두근,,8~15,60~120,2.5kg,초보,높음
P338,이두,친 업,맨몸,컴파운드,이두근,,5~8 (근력) / 6~12 (비대),120~180,맨몸/체중조끼,중급,높음
P339,이두,덤벨 프리쳐 컬,덤벨,아이솔레이션,이두근,,8~15,60~120,1~2.5kg,초보,높음
P340,이두,덤벨 컬,덤벨,아이솔레이션,이두근,,8~15,60~120,1~2.5kg,초보,높음
P341,이두,이지바 컬,바벨,아이솔레이션,이두근,,8~15,60~120,2.5kg,초보,높음
P342,이두,덤벨 해머 컬,덤벨,아이솔레이션,이두근/상완근,,8~15,60~120,1~2.5kg,초보,높음
P343,이두,컨센트레이션 컬,덤벨,아이솔레이션,이두근,,8~15,60~120,1~2.5kg,초보,높음
P344,이두,프리쳐 컬 머신,머신,아이솔레이션,이두근,,8~15,60~120,5kg,초보,높음
P345,이두,케이블 해머 컬,케이블,아이솔레이션,이두근/상완근,,8~15,60~120,2.5kg,초보,높음
P346,이두,밴드 해머 컬,밴드,아이솔레이션,이두근/상완근,,8~15,60~120,저항 단계,초보,높음
P347,이두,바벨 프리쳐 컬,바벨,아이솔레이션,이두근,,8~15,60~120,2.5kg,초보,높음
P348,이두,덤벨 리버스 컬,덤벨,아이솔레이션,상완근/전완근,,8~15,60~120,1~2.5kg,초보,높음
P349,이두,바벨 리버스 컬,바벨,아이솔레이션,상완근/전완근,,8~15,60~120,2.5kg,초보,높음
P350,이두,오버헤드 케이블 컬,케이블,아이솔레이션,이두근,,8~15,60~120,2.5kg,초보,높음
P351,이두,이지바 프리쳐 컬,바벨,아이솔레이션,이두근,,8~15,60~120,2.5kg,초보,높음
P352,이두,인클라인 덤벨 컬,덤벨,아이솔레이션,이두근,,8~15,60~120,1~2.5kg,초보,높음
P353,이두,인클라인 덤벨 해머 컬,덤벨,아이솔레이션,이두근/상완근,,8~15,60~120,1~2.5kg,초보,높음
P354,이두,인클라인 덤벨 리버스 컬,덤벨,아이솔레이션,상완근/전완근,,8~15,60~120,1~2.5kg,초보,높음
P355,이두,케이블 리버스 컬,케이블,아이솔레이션,상완근/전완근,,8~15,60~120,2.5kg,초보,높음
P356,이두,이지바 리버스 컬,바벨,아이솔레이션,상완근/전완근,,8~15,60~120,2.5kg,초보,높음
P357,이두,케이블 프리쳐 컬,케이블,아이솔레이션,이두근,,8~15,60~120,2.5kg,초보,높음
P358,이두,인클라인 바벨 리버스 컬,바벨,아이솔레이션,상완근/전완근,,8~15,60~120,2.5kg,초보,높음
P359,이두,원 암 케이블 컬,케이블,아이솔레이션,이두근,,8~15,60~120,2.5kg,초보,높음
P360,이두,암 컬 머신,머신,아이솔레이션,이두근,,8~15,60~120,5kg,초보,높음
P361,이두,시티드 덤벨 드래그 컬,덤벨,아이솔레이션,이두근,,8~15,60~120,1~2.5kg,초보,높음
P362,이두,덤벨 드래그 컬,덤벨,아이솔레이션,이두근,,8~15,60~120,1~2.5kg,초보,높음
P363,이두,이지바 드래그 컬,바벨,아이솔레이션,이두근,,8~15,60~120,2.5kg,초보,높음
P364,이두,케이블 드래그 컬,케이블,아이솔레이션,이두근,,8~15,60~120,2.5kg,초보,높음
P365,이두,바벨 드래그 컬,바벨,아이솔레이션,이두근,,8~15,60~120,2.5kg,초보,높음
P366,이두,원 암 덤벨 프리쳐 컬,덤벨,아이솔레이션,이두근,,8~15,60~120,1~2.5kg,초보,높음
P367,이두,원 암 프리쳐 컬 머신,머신,아이솔레이션,이두근,,8~15,60~120,5kg,초보,높음
P368,이두,디클라인 덤벨 컬,덤벨,아이솔레이션,이두근,,8~15,60~120,1~2.5kg,초보,높음
P369,이두,덤벨 시티드 해머컬,덤벨,아이솔레이션,이두근/상완근,,8~15,60~120,1~2.5kg,초보,높음
P370,복근,레그 레이즈,맨몸,아이솔레이션,복직근,,12~20 (또는 시간),60~120,맨몸/체중조끼,초보,높음
P371,복근,크런치,맨몸,아이솔레이션,복직근,,12~20 (또는 시간),60~120,맨몸/체중조끼,초보,높음
P372,복근,케이블 크런치,케이블,아이솔레이션,복직근,,12~20 (또는 시간),60~120,2.5kg,초보,높음
P373,복근,캡틴스 체어 레그 레이즈,맨몸,아이솔레이션,복직근,,12~20 (또는 시간),60~120,맨몸/체중조끼,초보,높음
P374,복근,행잉 레그 레이즈,맨몸,아이솔레이션,복직근,,12~20 (또는 시간),60~120,맨몸/체중조끼,초보,높음
P375,복근,바이시클 크런치,맨몸,아이솔레이션,복사근,,12~20 (또는 시간),60~120,맨몸/체중조끼,초보,높음
P376,복근,디클라인 크런치,맨몸,아이솔레이션,복직근,,12~20 (또는 시간),60~120,맨몸/체중조끼,초보,높음
P377,복근,덤벨 사이드 밴드,덤벨,아이솔레이션,복사근,,12~20 (또는 시간),60~120,1~2.5kg,초보,높음
P378,복근,플랭크(시간),맨몸,아이솔레이션,복직근,,12~20 (또는 시간),60~120,맨몸/체중조끼,초보,높음
P379,복근,브이 업,맨몸,아이솔레이션,복직근,,12~20 (또는 시간),60~120,맨몸/체중조끼,초보,높음
P380,복근,AB슬라이드,맨몸,아이솔레이션,복직근,,12~20 (또는 시간),60~120,맨몸/체중조끼,초보,높음
P381,복근,클로스 바디 크런치,맨몸,아이솔레이션,복사근,,12~20 (또는 시간),60~120,맨몸/체중조끼,초보,높음
P382,복근,크런치 머신,머신,아이솔레이션,복직근,,12~20 (또는 시간),60~120,5kg,초보,높음
P383,복근,니 투 엘보,맨몸,아이솔레이션,복직근,,12~20 (또는 시간),60~120,맨몸/체중조끼,초보,높음
P384,복근,러시안 트위스트,맨몸,아이솔레이션,복사근,,12~20 (또는 시간),60~120,맨몸/체중조끼,초보,높음
P385,복근,케이블 사이드 밴드,케이블,아이솔레이션,복사근,,12~20 (또는 시간),60~120,2.5kg,초보,높음
P386,복근,사이드 플랭크(시간),맨몸,아이솔레이션,복사근,,12~20 (또는 시간),60~120,맨몸/체중조끼,초보,높음
P387,복근,싯 업,맨몸,아이솔레이션,복직근,,12~20 (또는 시간),60~120,맨몸/체중조끼,초보,높음
P388,복근,케틀벨 스윙,케틀벨,컴파운드,복직근,,5~8 (근력) / 6~12 (비대),120~180,4kg,중급,높음
P389,복근,드래곤 플래그,맨몸,아이솔레이션,복직근,,12~20 (또는 시간),60~120,맨몸/체중조끼,고급,높음
P390,복근,사이드 레그 레이즈,맨몸,아이솔레이션,복사근,,12~20 (또는 시간),60~120,맨몸/체중조끼,초보,높음
P391,복근,플랭크 푸쉬업,맨몸,컴파운드,복직근,,5~8 (근력) / 6~12 (비대),120~180,맨몸/체중조끼,초보,높음
P392,복근,로테이션 푸쉬업,맨몸,컴파운드,복직근,,5~8 (근력) / 6~12 (비대),120~180,맨몸/체중조끼,초보,높음
P393,복근,로테이션 플랭크,맨몸,아이솔레이션,복직근,,12~20 (또는 시간),60~120,맨몸/체중조끼,초보,높음
P394,복근,스파이더맨 푸쉬업,맨몸,컴파운드,복직근,,5~8 (근력) / 6~12 (비대),120~180,맨몸/체중조끼,초보,높음
P395,복근,암 앤 레그 리프트,맨몸,아이솔레이션,복직근,,12~20 (또는 시간),60~120,맨몸/체중조끼,초보,높음
P396,복근,사이드 니업,맨몸,아이솔레이션,복사근,,12~20 (또는 시간),60~120,맨몸/체중조끼,초보,높음
P397,복근,머슬업,맨몸,컴파운드,복직근,,5~8 (근력) / 6~12 (비대),120~180,맨몸/체중조끼,고급,높음
P398,복근,원 암 케틀벨 스내치,케틀벨,컴파운드,복직근,,5~8 (근력) / 6~12 (비대),120~180,4kg,고급,높음
P399,복근,케틀벨 행 클린,케틀벨,컴파운드,복직근,,5~8 (근력) / 6~12 (비대),120~180,4kg,고급,높음
P400,복근,인클라인 레그 레이즈,맨몸,아이솔레이션,복직근,,12~20 (또는 시간),60~120,맨몸/체중조끼,초보,높음
P401,복근,원 암 케틀벨 스윙,케틀벨,컴파운드,복직근,,5~8 (근력) / 6~12 (비대),120~180,4kg,중급,높음
P402,복근,슈퍼맨,맨몸,아이솔레이션,척추기립근,,12~20 (또는 시간),60~120,맨몸/체중조끼,초보,높음
P403,복근,물구나무 서기,맨몸,아이솔레이션,복직근,,12~20 (또는 시간),60~120,맨몸/체중조끼,고급,높음
P404,복근,버드 독,맨몸,아이솔레이션,척추기립근,,12~20 (또는 시간),60~120,맨몸/체중조끼,초보,높음
P405,전완근,덤벨 리스트 컬,덤벨,아이솔레이션,전완 굴근/신근,,10~15,60~120,1~2.5kg,초보,높음
P406,전완근,바벨 리스트 컬,바벨,아이솔레이션,전완 굴근/신근,,10~15,60~120,2.5kg,초보,높음
P407,전완근,리스트 롤러,바벨,아이솔레이션,전완 굴근/신근,,10~15,60~120,2.5kg,초보,높음
P408,전완근,리버스 바벨 리스트 컬,바벨,아이솔레이션,전완 굴근/신근,,10~15,60~120,2.5kg,초보,높음
P409,전완근,리버스 덤벨 리스트 컬,덤벨,아이솔레이션,전완 굴근/신근,,10~15,60~120,1~2.5kg,초보,높음
P410,전완근,플레이트 컬,플레이트,아이솔레이션,전완 굴근/신근,,10~15,60~120,2.5kg,초보,높음
P411,전완근,덤벨 비하인드 백 컬,덤벨,아이솔레이션,전완 굴근/신근,,10~15,60~120,1~2.5kg,초보,높음
P412,전완근,케이블 리스트 컬,케이블,아이솔레이션,전완 굴근/신근,,10~15,60~120,2.5kg,초보,높음
P413,전완근,조트맨 컬,바벨,아이솔레이션,전완 굴근/신근,,10~15,60~120,2.5kg,초보,높음
P414,유산소,싸이클,유산소 기구,유산소,심폐,,시간/거리,인터벌별,강도/시간,초보,높음
P415,유산소,엘립티컬 머신,유산소 기구,유산소,심폐,,시간/거리,인터벌별,강도/시간,초보,높음
P416,유산소,트레드밀 러닝,유산소 기구,유산소,심폐,,시간/거리,인터벌별,강도/시간,초보,높음
P417,유산소,러닝(야외),맨몸/야외,유산소,심폐,,시간/거리,인터벌별,강도/시간,초보,높음
P418,유산소,버피,맨몸,유산소,심폐,,시간/거리,인터벌별,맨몸/체중조끼,초보,높음
P419,유산소,점핑 잭,맨몸,유산소,심폐,,시간/거리,인터벌별,맨몸/체중조끼,초보,높음
P420,유산소,줄넘기,맨몸,유산소,심폐,,시간/거리,인터벌별,맨몸/체중조끼,초보,높음
P421,유산소,로잉 머신,유산소 기구,유산소,심폐,,시간/거리,인터벌별,강도/시간,초보,높음
P422,유산소,스텝 머신,유산소 기구,유산소,심폐,,시간/거리,인터벌별,강도/시간,초보,높음
P423,유산소,인클라인 트레드밀 러닝,유산소 기구,유산소,심폐,,시간/거리,인터벌별,강도/시간,초보,높음
P424,유산소,스텝 밀(천국의 계단),유산소 기구,유산소,심폐,,시간/거리,인터벌별,강도/시간,초보,높음
P425,유산소,스쿼트 버피,맨몸,유산소,심폐,,시간/거리,인터벌별,맨몸/체중조끼,초보,높음
P426,유산소,크리스 크로스 엘보우 투 니,맨몸,유산소,심폐,,시간/거리,인터벌별,맨몸/체중조끼,초보,높음
P427,유산소,터치다운,맨몸,유산소,심폐,,시간/거리,인터벌별,맨몸/체중조끼,초보,높음
P428,유산소,로우 런지 트위스트,맨몸,유산소,심폐,,시간/거리,인터벌별,맨몸/체중조끼,초보,높음
P429,유산소,사이드 킥 버피,맨몸,유산소,심폐,,시간/거리,인터벌별,맨몸/체중조끼,초보,높음
P430,유산소,슬로우 버피,맨몸,유산소,심폐,,시간/거리,인터벌별,맨몸/체중조끼,초보,높음
P431,유산소,무동력 트레드밀,유산소 기구,유산소,심폐,,시간/거리,인터벌별,강도/시간,초보,높음
P432,유산소,좌식 싸이클,유산소 기구,유산소,심폐,,시간/거리,인터벌별,강도/시간,초보,높음
P433,유산소,경보,맨몸,유산소,심폐,,시간/거리,인터벌별,맨몸/체중조끼,초보,높음
P434,유산소,걷기,맨몸,유산소,심폐,,시간/거리,인터벌별,맨몸/체중조끼,초보,높음
P435,유산소,벤치 스텝업,맨몸,유산소,심폐,,시간/거리,인터벌별,맨몸/체중조끼,초보,높음
P436,유산소,스텝업 스텝 박스,맨몸,유산소,심폐,,시간/거리,인터벌별,맨몸/체중조끼,초보,높음
P437,유산소,줄넘기 2단 뛰기,맨몸,유산소,심폐,,시간/거리,인터벌별,맨몸/체중조끼,초보,높음
P438,유산소,스텝퍼,유산소 기구,유산소,심폐,,시간/거리,인터벌별,강도/시간,초보,높음
P439,유산소,훌라후프,맨몸,유산소,심폐,,시간/거리,인터벌별,맨몸/체중조끼,초보,높음
P440,유산소,사이드 마운틴 클라이머,맨몸,유산소,심폐,,시간/거리,인터벌별,맨몸/체중조끼,초보,높음
P441,유산소,스쿼트 오버헤드 프레스,맨몸,유산소,심폐,,시간/거리,인터벌별,맨몸/체중조끼,초보,높음
P442,유산소,하늘 자전거,맨몸,유산소,심폐,,시간/거리,인터벌별,맨몸/체중조끼,초보,높음
P443,유산소,배틀 로프,맨몸,유산소,심폐,,시간/거리,인터벌별,맨몸/체중조끼,초보,높음
P444,유산소,스키 에르그,유산소 기구,유산소,심폐,,시간/거리,인터벌별,강도/시간,초보,높음
P445,유산소,에어 바이크,유산소 기구,유산소,심폐,,시간/거리,인터벌별,강도/시간,초보,높음
P446,유산소,스텝박스 마운틴 클라이머,맨몸,유산소,심폐,,시간/거리,인터벌별,맨몸/체중조끼,초보,높음
P447,유산소,아크트레이너,유산소 기구,유산소,심폐,,시간/거리,인터벌별,강도/시간,초보,높음
P448,유산소,불가리안백 스핀,맨몸,유산소,심폐,,시간/거리,인터벌별,맨몸/체중조끼,초보,높음
P449,유산소,스핀 바이크,유산소 기구,유산소,심폐,,시간/거리,인터벌별,강도/시간,초보,높음
