ID	분류	항목	적용 시점	운동 추천	실시간 코칭	지식베이스	핵심 룰 (한 줄)	입력값	출력값/동작	활용 예시	출처	URL	신뢰도
A01	RPE 자율조절	RPE 정의	세트 직후	-	Y	Y	세트 후 "몇 회 더 가능했나"(RIR)로 강도 측정. 1회 남으면 RPE9, 2회 남으면 RPE8	사용자가 입력한 RPE (0~10)	RIR로 변환 → 다음 세트 보정의 기준값	앱 UI: '이 세트 RPE는?' 슬라이더 → DB 저장 → 다음 세트 알고리즘 입력	Zourdos 2016 (Tuchscherer RPE 검증)	https://pubmed.ncbi.nlm.nih.gov/26049792/	★★★
A02	RPE 자율조절	RPE-1RM% 변환표	세션 전 / 세트 직후	Y	Y	Y	렙수×목표RPE → 1RM 대비 % 자동 계산. 예: RPE9 3렙=88%, RPE8 5렙=80%	목표 RPE, 렙수, 사용자 1RM	추천 무게 (kg)	세션 처방: '오늘 5렙 RPE8 목표' → 1RM의 80% 자동 계산해 무게 제시	Tuchscherer / PowerliftingToWin	https://www.powerliftingtowin.com/a-review-of-mike-tuchscherer-reactive-training-systems-rts/	★★★
A03	RPE 자율조절	Fatigue Percent (피로 누적률)	세션 중	-	Y	-	톱셋(RPE9) 후 무게를 N% 줄여 같은 RPE 도달까지 백오프 세트 누적. 정해진 누적량 도달 시 운동 종료	톱셋 무게/RPE, 백오프 세트 RPE	'운동 종료' 신호 또는 '한 세트 더' 신호	컨디션 좋은 날엔 자연스럽게 세트 수 늘어남, 나쁜 날엔 줄어듦. 사용자 부담 없이 자동 조절	Tuchscherer / All Things Gym	https://www.allthingsgym.com/mike-tuchscherer-auto-regulation-fundamentals-fatigue-percentages/	★★★
A04	RPE 자율조절	RIR 예측 정확도 보정	세트 직후	-	Y	Y	사용자는 RIR을 평균 1회 정도 과소예측 (특히 RIR≥3 입력 시 더 부정확)	사용자 입력 RIR	내부값 = 입력값 + 보정계수(0~+1)	초보자/노인은 +1 보정 강하게. 중·고급자는 약하게. 정확한 강도 추정에 필수	MASS Research / Bastos 2024	https://pmc.ncbi.nlm.nih.gov/articles/PMC11127506/	★★☆
A05	RPE 자율조절	자율조절 vs 고정 %	세션 전	Y	-	Y	RPE 기반 자율조절이 고정 %1RM보다 장기 근력 향상에 우월 (근비대는 차이 미미)	사용자 목표(근력/근비대)	근력 목표 → 자율조절 우선, 근비대 → 볼륨 우선 알고리즘 분기	'근력 모드'와 '근비대 모드'에서 다른 보정 알고리즘 선택	MASS Research	https://massresearchreview.com/2023/05/22/rpe-and-rir-the-complete-guide/	★★★
A06	RPE 자율조절	OMNI-RES 스케일	초기 셋업	-	Y	Y	0~10 시각형 RPE 스케일. Borg와 r=0.94~0.97. 초보·노인·재활용 검증	사용자 경험 레벨	대안 RPE 입력 UI 제공	초보자에게는 시각적 0~10 스케일, 숙련자에게는 RIR 기반 스케일 토글	Robertson 2003	https://pubmed.ncbi.nlm.nih.gov/12569225/	★★☆
B01	주간 볼륨 기준	MV (유지 볼륨)	주간 단위	Y	-	Y	근육군당 주 6세트 정도가 현재 근육량 유지 최소치	근육군, 주차	유지기/디로드 주차 처방값	디로드 주에 자동 적용, 또는 비활성 사용자 추적	Israetel / RP Strength	https://rpstrength.com/blogs/articles/training-volume-landmarks-muscle-growth	★★★
B02	주간 볼륨 기준	MEV (성장 시작 볼륨)	주간 단위	Y	-	Y	성장 일으키는 최소 볼륨. 가슴 8, 등 10, 다리 6~8세트/주 등 근육군별 다름	근육군	메조사이클 1주차 볼륨 시작값	새 메조사이클 시작 시 근육군별 MEV로 자동 설정	Israetel	https://drmikeisraetel.com/dr-mike-israetel-mv-mev-mav-mrv-explained/	★★★
B03	주간 볼륨 기준	MAV (최적 적응 볼륨)	주간 단위	Y	-	Y	MEV~MRV 사이의 "성장 존". 매주 +1~2세트 점진 증가 필요	현재 주 볼륨, 진행 주차	다음 주 볼륨 = 이번 주 + 1~2세트	메조사이클 4~5주 동안 매주 자동으로 세트 추가	Israetel / RP	https://rpstrength.com/blogs/articles/training-volume-landmarks-muscle-growth	★★★
B04	주간 볼륨 기준	MRV (회복 가능 최대 볼륨)	주간 단위	Y	Y	Y	근육군당 주 18~25+세트. 초과 시 오버트레이닝 신호 (수면·식욕·관절통·RPE 상승)	근육군별 누적 주간 볼륨	MRV 도달 + 수행도 하락 시 디로드 자동 권고	앱 알림: '가슴 볼륨이 한계치 도달, 다음 주 디로드 추천'	Israetel	https://propanefitness.com/maximum-recoverable-volume/	★★★
B05	주간 볼륨 기준	Volume Dose-Response 메타	세션 전	Y	-	Y	주당 10+ 세트가 1세트보다 효과 큼(ES 0.44 vs 0.24). 12~20세트 권장. 20+ 추가효과 미미	사용자 목표(근비대)	주당 권장 볼륨 자동 처방 (12~20세트)	근비대 목표 사용자에게 디폴트 주당 12~20세트 처방	Schoenfeld / Krieger	https://www.strongerbyscience.com/volume/	★★★
C01	세트/렙/강도 처방	NSCA RM-1RM% 표	세션 전	Y	-	Y	RM-%1RM 변환표 (예: 5RM=87%, 8RM=80%, 10RM=75%, 12RM=67%)	목표 렙수, 1RM	추천 무게 (kg)	가장 핵심적인 룩업 테이블. 모든 처방의 기반	NSCA Essentials 4판	https://www.nsca.com/contentassets/61d813865e264c6e852cadfe247eae52/nsca_training_load_chart.pdf	★★★
C02	세트/렙/강도 처방	Repetition Continuum	세션 전	Y	-	Y	근력 ≥85%/1~6렙, 근비대 67~85%/6~12렙, 근지구력 ≤67%/12+렙 (단 근비대는 6~30렙 폭넓게 가능)	사용자 목표	렙범위 + %1RM 자동 매핑	목표 선택 → 렙범위와 강도 자동 결정	Schoenfeld 2021 / NSCA	https://pmc.ncbi.nlm.nih.gov/articles/PMC7927075/	★★★
C03	세트/렙/강도 처방	NSCA 단계별 처방	세션 전	Y	-	Y	근비대기: 50~75% 1RM, 8~20렙, 3~6세트 / 근력기: 80~95% 1RM, 2~6렙, 2~6세트	훈련 단계	세트수+렙수+강도 처방	훈련 단계 전환 시 변수 자동 변경	NSCA / Bompa	https://www.nsca.com/education/articles/nsca-coach/using-intensity-based-on-sets-and-repetitions-over-50-years-of-experience-a-brief-overview-of-load-setting-and-programming-strategy/	★★★
C04	세트/렙/강도 처방	ACSM 일반인 가이드라인	세션 전	Y	-	Y	건강 성인: 주 2~3회, 근육군당 1~4세트, 8~20렙, 40~70% 1RM (강화 시 60~80%, 8~12렙, 2~3분 휴식)	사용자 프로필(건강 목적)	초보·일반인 디폴트 처방	운동 목적이 '건강'인 사용자의 시작 디폴트값	ACSM 2026 Position Stand	https://acsm.org/resistance-training-guidelines-update-2026/	★★★
C05	세트/렙/강도 처방	실패 vs RIR	세션 전	Y	-	Y	근력은 실패/비실패 차이 미미, 근비대는 실패 가까울수록 약간 우월. RIR 0~3 모두 유사 효과	운동 종류	컴파운드 RIR 2~3 / 아이솔레이션 RIR 0~2 디폴트	실패 강요 X, 운동 종류별 안전한 디폴트 RIR 처방	Refalo / Pelland 2024	https://pmc.ncbi.nlm.nih.gov/articles/PMC10161210/	★★★
C06	세트/렙/강도 처방	훈련 빈도	세션 전	Y	-	Y	볼륨 동일 시 빈도는 비대에 무의미. 단 주 2회 이상 분할이 볼륨 분산에 유리	주간 볼륨, 분할 형태	근육군당 최소 주 2회 분할 권장	분할 추천 알고리즘에서 근육군이 주 2회 이상 자극되도록 자동 배치	Schoenfeld 2016/2018	https://pubmed.ncbi.nlm.nih.gov/27102172/	★★★
C07	세트/렙/강도 처방	휴식 시간	세트 직후	Y	Y	Y	근력/파워 3~5분, 컴파운드 근비대 2~3분, 아이솔레이션 1~2분. 1분 < 3분 (Schoenfeld 2016)	운동 종류, 목표	휴식 타이머 자동 카운트다운	세트 종료 후 운동 타입에 맞는 타이머 자동 시작	Schoenfeld 2016 / de Salles	https://pubmed.ncbi.nlm.nih.gov/26605807/	★★★
C08	세트/렙/강도 처방	Double Progression	세션 후	Y	Y	-	렙 범위 처방(예: 8~12렙). 모든 세트가 상한 도달 → 무게 +2.5~5% 인상, 렙 하한 리셋	지난 세션 모든 세트 성공 여부	다음 세션 무게 자동 인상 또는 유지	세션 끝 → '모두 12렙 성공' → 다음 세션 +2.5kg, 8렙으로 시작	Legion / Bret Contreras	https://legionathletics.com/double-progression/	★★★
C09	세트/렙/강도 처방	Epley 1RM 공식	초기 셋업 / 세트 직후	Y	-	Y	1RM = 무게 × (1 + 렙수/30). 6~10렙에서 정확	무게, 렙수	추정 1RM	신규 사용자 첫 세션 시 '6~10렙 가능한 무게'로 1RM 자동 추정	Epley 1985	https://en.wikipedia.org/wiki/One-repetition_maximum	★★★
C10	세트/렙/강도 처방	Brzycki 1RM 공식	초기 셋업 / 세트 직후	Y	-	Y	1RM = 무게 × 36 / (37 - 렙수). 1~6렙에서 더 정확	무게, 렙수(저렙)	추정 1RM	저렙 테스트 시 Brzycki, 중렙 시 Epley로 자동 분기	Brzycki 1993	https://en.wikipedia.org/wiki/One-repetition_maximum	★★★
C11	세트/렙/강도 처방	세션 길이 가이드	초기 셋업	Y	-	Y	효율 세션 45~75분. 분할로 길이 조절. 90분+ 코르티솔 주장은 1차 출처 약함	가용 시간, 분할	세션 운동 수/세트 수 자동 조정	'40분만 가능' 입력 → 운동 4~5개로 압축한 세션 자동 빌드	NSCA Essentials	https://www.nsca.com/education/articles/nsca-coach/using-intensity-based-on-sets-and-repetitions-over-50-years-of-experience-a-brief-overview-of-load-setting-and-programming-strategy/	★★☆
D01	주기화 모델	Linear Periodization	주간 단위	Y	-	Y	1~4주 비대(8~12렙) → 5~8주 근력(3~6렙) → 9~12주 파워. 초보~중급 적합	사용자 레벨, 진행 주차	주차별 변수 자동 변경	초보 사용자 12주 프로그램 자동 생성	Bompa / NSCA	https://www.strongerbyscience.com/periodization-data/	★★★
D02	주기화 모델	Daily Undulating (DUP)	주간 단위	Y	-	Y	같은 주 내 일별 비대-근력-파워 변경. 9~12주에 LP보다 약간 우월. 중급+ 권장	사용자 레벨(중·고급)	요일별 변수 다른 처방	월=비대(10렙), 수=근력(5렙), 금=파워(3렙) 자동 분배	Painter 2012 / Colquhoun 2017	https://pubmed.ncbi.nlm.nih.gov/22173008/	★★★
D03	주기화 모델	Block Periodization	주간 단위	Y	-	Y	3~4주 단위 블록(축적-변환-실현). 한 적응 자극 집중. 고급 선수용	사용자 레벨(고급)	블록당 1개 적응 우선	고급 모드 옵션, 대회 준비 사용자에게 적합	Issurin / Verkhoshansky	https://www.strongerbyscience.com/periodization-data/	★★☆
D04	주기화 모델	Flexible DUP	세션 전	Y	Y	Y	고정 순서 대신 사용자가 그날 컨디션 선택. 전통 DUP와 동등 효과	당일 사용자 컨디션 입력	오늘 비대/근력/파워 중 추천	앱 시작 시 '오늘 어떤 느낌?' → 추천 세션 타입	McNamara & Stearne 2010	https://pubmed.ncbi.nlm.nih.gov/20042923/	★★★
D05	주기화 모델	분할 루틴 비교	초기 셋업	Y	-	Y	풀바디(주2~3) = 초보, 상하분할(주4) = 중급, PPL(주5~6) = 고급. 빈도×볼륨 동일하면 효과 동등	가용 일수, 사용자 레벨	권장 분할 형태 자동 매핑	주 3회 가용 → 풀바디, 주 5회 → PPL 추천	Schoenfeld 2016 / Israetel	https://rpstrength.com/blogs/articles/your-training-split-doesn-t-matter	★★★
D06	주기화 모델	Starting Strength (5x5/5x3)	초기 셋업	Y	-	Y	초보용 LP. 스쿼트/벤치/오버헤드/데드 5렙×3세트, 매 세션 +2.5~5kg 인상. 6~12개월 적합	사용자 레벨(초보), 1RM	프로그램 처방 (월수금 A/B 교대)	6개월 미만 사용자 디폴트 추천	Mark Rippetoe	https://startingstrength.com/get-started/programs	★★★
D07	주기화 모델	5/3/1 Wendler	초기 셋업	Y	-	Y	메인 4주 사이클 (5/3/1+/디로드). TM(트레이닝맥스)=1RM의 90%로 시작, 사이클당 +2.5~5kg	사용자 레벨(중급), 1RM	4주 처방 자동 생성	SS 졸업한 중급자 디폴트 추천	Jim Wendler	https://thefitness.wiki/routines/5-3-1-for-beginners/	★★★
D08	주기화 모델	GZCLP	초기 셋업	Y	-	Y	초·중급 LP. T1(메인 5+렙)→T2(보조 10+렙)→T3(아이솔 15+렙) 3-tier 구조	사용자 레벨, 1RM	프로그램 처방	SS 대안. 헬스장 초보~중급 사용자	Cody LeFever / r/Fitness wiki	https://thefitness.wiki/routines/gzclp/	★★☆
D09	주기화 모델	nSuns LP	초기 셋업	Y	-	Y	Wendler 변형. 주 6일, 메인+보조 모두 5/3/1 패턴. 빠른 무게 진행 (정체기 돌파용)	사용자 레벨(중급+)	프로그램 처방	5/3/1 정체기 사용자 옵션	nSuns / r/Fitness wiki	https://thefitness.wiki/routines/nsuns-lp/	★★☆
D10	주기화 모델	PHUL/PHAT (하이브리드)	초기 셋업	Y	-	Y	근력일+근비대일 결합 분할. 상/하분할 위에 일별 포커스 다름 (PHUL=4일, PHAT=5일)	사용자 레벨(중급+) / 목표(파워+근비대)	분할 처방	근력+사이즈 동시 추구하는 중급자	Layne Norton / Brandon Campbell	https://www.muscleandstrength.com/workouts/phat-power-hypertrophy-adaptive-training	★★☆
E01	실시간 코칭	VBT (속도 기반 훈련)	세트 중	-	Y	Y	바벨 속도(m/s) 측정으로 강도/피로 실시간 모니터링. 1RM 추정·동기·피로 감지	바벨 속도 데이터(센서/카메라)	실시간 피로 알림·1RM 추정	폰 카메라 컴퓨터비전으로 속도 추정 가능	NSCA SCJ 2021	https://journals.lww.com/nsca-scj/fulltext/2021/04000/velocity_based_training__from_theory_to.4.aspx	★★☆
E02	실시간 코칭	Load-Velocity Profile	세션 전	Y	Y	-	개인별 운동별 무게-속도 선형관계. 워밍업 세트 속도 → 그날의 1RM 추정	워밍업 세트 무게/속도	당일 1RM 추정 → 무게 자동 보정	세션 시작 시 워밍업으로 그날 컨디션 반영한 무게 자동 조정	Vitruve	https://vitruve.fit/blog/vbt-guide-creating-a-load-velocity-profile/	★★☆
E03	실시간 코칭	Velocity Loss 임계	세트 중	-	Y	Y	첫 렙 대비 속도 감소율로 종료. 파워 10~20%, 근력 20~25%, 근비대 25~40%. 35%+ 지속 권장X	렙별 속도, 목표	속도 감소 임계 도달 시 세트 강제 종료	목표별 임계값 다름. '근력 모드'면 25% 도달 시 종료	Pareja-Blanco / Sports Med 2022	https://pmc.ncbi.nlm.nih.gov/articles/PMC9807551/	★★★
E04	실시간 코칭	실시간 피드백 효과	세트 직후	-	Y	Y	렙별 속도 피드백은 동기·집중·움직임 질↑, 인지 노력↓	세트 데이터	세트 후 시각적 피드백 표시	세트 후 '이번 세트 평균 속도 0.8m/s' 그래프 표시 → 동기부여	Weakley 2023 (Sports Med meta)	https://pubmed.ncbi.nlm.nih.gov/37410360/	★★☆
E05	실시간 코칭	External vs Internal 큐	세트 중	-	Y	Y	외적 큐("천장으로 밀어") > 내적 큐("가슴 사용"). 학습·수행 모두 외적 큐 우월	운동명·동작 단계	운동별 외적 큐 텍스트/음성 출력	세트 시작 전 '바닥을 찢어내듯' 같은 외적 큐 자동 안내	Wulf	https://www.thestrengthathlete.com/blog/external-cues	★★★
E06	실시간 코칭	스쿼트 폼 에러·큐	세트 중 / 세트 후	-	Y	Y	무릎 내회전·깊이 부족·중심 이동·골반 윙크 → 외적 큐 매핑	폼 분석(영상/사용자 보고) 결과	에러 → 큐 매핑 출력	비전 모델로 에러 감지 후 해당 큐 음성 안내	Power Rack Strength / TPS	https://www.powerrackstrength.com/3-common-squat-mistakes/	★★☆
E07	실시간 코칭	벤치프레스 폼 큐	세트 중	-	Y	Y	발 고정·광배 활성·어깨 후퇴/하강·바 패스 가슴하부→어깨위·팔꿈치 45~75°	운동명·셋업 단계	셋업 체크리스트·큐 출력	세트 시작 전 체크리스트 표시 + 음성 코칭	PowerliftingTechnique / Starting Strength	https://startingstrength.com/article/the-bench-press-anatomy-and-kinesiology	★★★
E08	실시간 코칭	데드리프트 폼 큐	세트 중	-	Y	Y	바 발 위 중간·광배 잠금·척추 중립·다리로 밀기·밸살바 호흡	운동명·셋업 단계	셋업 체크리스트·큐 출력	세트 시작 전 셋업 가이드 자동 안내	PowerliftingTechnique / Men's Journal	https://powerliftingtechnique.com/deadlift-cues/	★★★
E09	실시간 코칭	RAMP 워밍업 프로토콜	세션 전	Y	-	Y	R(심박↑)-A(타깃 활성)-M(가동성)-P(종목 점증세트). 정적 스트레칭 회피	메인 운동, 작업 무게	워밍업 시퀀스 자동 생성	바벨 스쿼트 100kg 작업 → 50%×5/70%×3/85%×2 자동 처방	Ian Jeffreys 2007	https://humankinetics.me/2019/03/04/what-is-the-ramp-warm-up/	★★★
E10	실시간 코칭	오버헤드프레스 폼 큐	세트 중	-	Y	Y	발 어깨너비, 코어/둔근 잠금, 바 코끝 → 머리 위 직선 경로, 락아웃 시 머리 통과	운동명·셋업 단계	셋업 체크리스트·외적 큐 출력	셋업 가이드 + 세트 중 '천장 밀어' 같은 외적 큐 안내	Starting Strength / Stronger By Science	https://startingstrength.com/article/the-press	★★★
E11	실시간 코칭	풀업/친업 폼 큐	세트 중	-	Y	Y	어깨 후퇴/하강 시작 → 가슴을 바에 → 턱이 바 위. 발 교차/킵핑 금지	운동명·셋업 단계	셋업 체크리스트·큐 출력	셋업 가이드 + 음성 코칭	Stronger By Science	https://startingstrength.com/article/chins-and-pullups	★★★
E12	실시간 코칭	바벨 로우 폼 큐	세트 중	-	Y	Y	힙힌지 45도, 척추 중립, 바를 배꼽 하단으로, 팔꿈치 옆구리 향함, 견갑 후퇴	운동명·셋업	셋업 체크리스트·큐 출력	셋업 가이드 + 외적 큐	Strength Log	https://www.strengthlog.com/barbell-row/	★★☆
E13	실시간 코칭	Valsalva 호흡	세트 중	-	Y	Y	고중량(>80%) 시 들숨 → 호흡정지로 복강내압 형성 → 하강 → 상승 후 배출. 고혈압자 주의	무게 비율, 운동 종류	호흡 큐 자동 출력	컴파운드 80%+ 세트 시작 전 호흡 안내	NSCA Essentials / Hackett 2013	https://pubmed.ncbi.nlm.nih.gov/23222073/	★★★
E14	실시간 코칭	가동범위 (ROM) 기준	세트 중	Y	Y	Y	풀ROM이 부분반복보다 근비대·근력 우월. 단 신장 위치 강조 부분반복은 풀ROM 동등 또는 우월	운동명, 사용자 ROM 데이터	ROM 부족 시 큐 출력	스쿼트 깊이 부족 감지 → '엉덩이 더 내려' 큐	Pedrosa 2022 (Eur J Sport Sci)	https://pubmed.ncbi.nlm.nih.gov/33977835/	★★★
E15	실시간 코칭	부상 신호 vs 근육통	세션 중 / 세션 후	-	Y	Y	관절통·날카로운 통증·국소 통증=부상 신호. 양측 대칭 둔통 24~72h=DOMS(정상)	사용자 통증 위치/강도/시점	운동 중단 권고 또는 정상 신호 분기	통증 입력 → 부위/패턴 분석 → 중단/계속 분기	Cheung 2003 (DOMS 리뷰)	https://pubmed.ncbi.nlm.nih.gov/12617692/	★★☆
E16	실시간 코칭	컴파운드 셋업 체크리스트	세트 직전	-	Y	-	①발 위치 ②그립 너비 ③척추 중립 ④광배/코어 잠금 ⑤호흡 셋팅 5단계	운동명	단계별 체크리스트 UI	모든 컴파운드 첫 세트 전 자동 표시	NSCA / Starting Strength	https://startingstrength.com/article/the_squat	★★★
E17	실시간 코칭	그립 너비/유형	세션 전	Y	Y	Y	벤치: 어깨너비 1.5배. 데드: 어깨너비. 풀업: 광배=와이드, 이두=내로우/언더. 후크그립=고중량 데드	운동명, 목표 근육	권장 그립 너비/유형 출력	운동 선택 시 그립 옵션 안내	PowerliftingTechnique / SBS	https://startingstrength.com/article/grip-width-on-the-bench-press	★★☆
F01	운동 데이터셋	wger Exercise API	참고 자료	Y	Y	Y	AGPL 무료 운동 DB. REST API + OpenAPI. 운동/근육군/장비/이미지 매핑	API 호출	운동 메타데이터 JSON	운동 메타 직수입. 한국어 일부 번역 존재	wger Project	https://wger.de/en/software/api	★★★
F02	운동 데이터셋	Free Exercise DB (yuhonas)	참고 자료	Y	Y	Y	Public Domain. 800+ 운동 + 이미지. JSON 단일 파일	-	JSON 임포트	라이선스 자유도 최고. 빠른 프로토타이핑에 최적	yuhonas / GitHub	https://github.com/yuhonas/free-exercise-db	★★★
F03	운동 데이터셋	ExerciseDB API	참고 자료	Y	Y	Y	11000+ 운동 + GIF/이미지/순서. 무료 티어 (API 키 필요)	API 호출	운동 데이터 + 시각자료	비주얼 강한 데이터셋	ExerciseDB	https://github.com/ExerciseDB/exercisedb-api	★★☆
F04	운동 데이터셋	everkinetic exercises.json	참고 자료	Y	-	Y	오픈소스 운동 데이터. 근육·장비·지시사항 포함	-	JSON 임포트	보조 데이터 소스로 통합	everkinetic	https://github.com/everkinetic/data/blob/main/exercises.json	★★☆
F05	운동 선택	SFR (자극/피로 비율)	세션 전	Y	-	Y	컴파운드 SFR 보통, 머신/아이솔 SFR 우수. 부상·피로 시 SFR 높은 운동으로 대체	부상 부위, 피로 상태	대체 운동 후보 추천	무릎 통증 입력 → 백스쿼트 대신 레그프레스 추천	Israetel / RP	https://www.strongerbyscience.com/exercise-selection/	★★☆
G01	회복/디로드	디로드 정의·주기	주간 단위	Y	-	Y	훈련 자극 의도적 감소 (5~7일). 평균 4~6주마다 시행	주차 누적, 사용자 입력	4~6주마다 자동 디로드 주차 스케줄	메조사이클 5주차에 자동 디로드 주 삽입	Bell et al / Frontiers	https://www.frontiersin.org/journals/sports-and-active-living/articles/10.3389/fspor.2022.1073223/full	★★★
G02	회복/디로드	디로드 트리거 (자동 감지)	세션 후	-	Y	Y	같은 무게에 RPE +2 상승, 수면·식욕 악화, 관절통 누적, 동기 저하 → 디로드 신호	최근 3+ 세션 RPE drift, 수면, 통증	디로드 권고 알림	3세션 연속 RPE drift +2 → '이번 주 디로드 권장' 푸시	Israetel / Bell 2024	https://shura.shu.ac.uk/35313/3/Bell-APracticalApproach(AM).pdf	★★★
G03	회복/디로드	디로드 처방 방법	주간 단위	Y	-	Y	볼륨 -50%, 강도 -10~20%, 빈도 유지	현재 주간 처방	디로드 주차 처방값 자동 생성	디로드 주: 세트 절반·무게 85% 자동 적용	Bell 2024 / RP	https://pmc.ncbi.nlm.nih.gov/articles/PMC10511399/	★★★
G04	회복/디로드	주간 부하 +10% 룰 (부상 예방)	주간 단위	Y	Y	Y	주간 총 부하 증가는 10% 이내. 초과 시 부상 위험. ACWR 0.8~1.3 안전 구간	이번주 vs 지난주 총볼륨	초과 시 경고/상한 적용	주간 볼륨 +15% 이상 증가 시 '부상 위험' 경고	Gabbett ACWR	https://gymaware.com/progressive-overload-the-ultimate-guide/	★★★
I01	기타	초보자 Linear Progression	세션 후	Y	Y	-	초보(<6개월)는 매 세션 +2.5~5lb 가능. 자율조절 불필요	사용자 레벨	초보면 단순 LP 룰 사용	초보 모드: 자율조절 끄고 매 세션 자동 무게 인상	Mark Rippetoe (Starting Strength)	https://startingstrength.com/get-started/programs	★★★
I02	기타	Tempo Notation	세트 중	-	Y	Y	4-숫자 표기(예: 3-1-1-0): 이심성-바닥-구심성-탑. 이심성 2~4초, 구심성 1~2초	운동 처방 템포	세트 내 메트로놈/비프음 코칭	옵션 기능: 비프음으로 템포 안내	NSCA	https://www.strongerbyscience.com/tempo-for-muscle/	★☆☆
I03	기타	운동 순서 (컴파운드 우선)	세션 전	Y	-	Y	컴파운드 → 보조 컴파운드 → 아이솔레이션 순서. 신경피로·안전성 이유	세션 운동 목록	세션 내 운동 순서 자동 정렬	세션 빌더가 운동 추가 시 자동 정렬	NSCA Essentials	https://www.strongerbyscience.com/exercise-order-video/	★★★
I04	기타	ACWR (급성/만성 부하비)	주간 단위	-	Y	Y	7일 부하 / 28일 부하. 0.8~1.3 안전, 1.5+ 부상 위험	최근 7일/28일 볼륨	위험 구간 진입 시 알림	고강도 사용자 모니터링용 추가 지표	Gabbett 2016	https://www.scienceforsport.com/acutechronic-workload-ratio/	★★☆
J01	운동 선택	부상별 대체 운동 매트릭스	세션 전	Y	-	Y	무릎: 백스쿼트→레그프레스/벨트스쿼트. 어깨: 벤치→푸시업/덤벨프레스. 허리: 데드→힙쓰러스트/RDL. 손목: 백스쿼트→safety bar	부상 부위 입력	대체 운동 후보 리스트 출력	통증 입력 → 자동 운동 교체	NASM / Israetel	https://www.strongerbyscience.com/exercise-selection/	★★☆
J02	운동 선택	장비별 대체 운동	초기 셋업	Y	-	Y	바벨 없음→덤벨/케틀벨. 헬스장 없음→맨몸+밴드. 머신 없음→자유중량+케이블. 기능 동일성 우선	사용자 장비 환경	운동 라이브러리 필터링	'집에서 운동' 선택 → 맨몸/밴드/덤벨 운동만 추천	Free Exercise DB / wger	https://github.com/yuhonas/free-exercise-db	★★★
J03	운동 선택	자유중량 vs 머신	세션 전	Y	-	Y	근비대는 동등. 근력 전이는 자유중량 약간 우월. 안전성/단독훈련은 머신 우월	사용자 목표/환경/경험	운동 풀 분기	초보+안전 선호 → 머신 비중↑ / 근력 목표 → 자유중량↑	Schwanbeck 2020 / Haugen 2023	https://pubmed.ncbi.nlm.nih.gov/32358310/	★★★
J04	운동 선택	편측 vs 양측 운동	세션 전	Y	-	Y	양측 강도↑·시간 효율 우월. 편측은 좌우 불균형 교정·코어 자극·재활 유리. 둘 다 포함 권장	사용자 불균형 데이터	운동 선택 비율 조정	좌우 불균형 입력 → 편측 운동 비중 증가	McCurdy 2005 / NSCA	https://pubmed.ncbi.nlm.nih.gov/15705051/	★★☆
J05	운동 선택	컴파운드:아이솔 비율	세션 전	Y	-	Y	초보 70:30, 중급 60:40, 고급 50:50. 약점 부위만 아이솔로 보강	사용자 레벨, 약점 부위	세션 운동 구성 비율	자동 세션 빌드 시 비율 적용	Israetel / NSCA	https://www.strongerbyscience.com/exercise-selection/	★★☆
J07	운동 선택	근육군 매핑 (primary/secondary)	세션 전	Y	-	Y	각 운동의 주작용근/보조근 명시. 주간 볼륨 카운트 시 primary는 1.0 / secondary는 0.5 가중	운동 ID	근육군별 가중 볼륨 카운트	주간 볼륨 추적 알고리즘에 사용	wger / Free Exercise DB	https://wger.de/en/software/api	★★★
K01	영양	단백질 섭취량	일일	-	-	Y	근비대/근력 시 체중당 1.6~2.2g/일. 컷 시 2.3~3.1g (제지방 기준). 4~6시간 간격 분배	체중, 목표(벌크/컷/유지)	일일 단백질 g 알림	체중 70kg 벌크 → 112~154g/일 알림	Morton 2018 / Helms 2014	https://pubmed.ncbi.nlm.nih.gov/28698222/	★★★
K02	영양	칼로리 가이드	일일	-	-	Y	벌크 +200~500kcal, 컷 -300~500kcal, 유지=TDEE. 주당 체중 ±0.5% 목표	체중, 활동량, 목표	일일 칼로리 처방	TDEE 계산 → 목표별 자동 처방	ISSN / Helms	https://jissn.biomedcentral.com/articles/10.1186/1550-2783-11-20	★★★
K03	영양	탄수화물 타이밍	세션 전후	-	-	Y	총량이 타이밍보다 우선. 단 세션 1~3h 전 1~3g/kg 권장, 후 글리코겐 회복은 1~1.2g/kg/h	세션 시각, 체중	식사 타이밍 권고	'운동 2시간 전 식사' 알림	Kerksick ISSN 2017	https://jissn.biomedcentral.com/articles/10.1186/s12970-017-0189-4	★★★
K04	영양	수분 가이드	세션 전중후	-	Y	Y	기본 30~35ml/kg + 운동 시간당 +500~1000ml. 2% 탈수에서 수행 저하	체중, 세션 시간	수분 섭취 알림	세션 중 15분마다 수분 알림	ACSM Position Stand	https://www.acsm.org/docs/default-source/files-for-resource-library/exercise-fluid-replacement.pdf	★★★
K05	회복	수면-근비대 관계	일일	Y	-	Y	성인 7~9h 권장. 6h 미만 4주 시 근감소·테스토스테론↓·인슐린저항↑	수면 시간 입력	수면 부족 시 강도 자동 하향	수면 5h 입력 → 그날 RPE -1, 볼륨 -20%	Knowles 2018 / Mah 2011	https://pubmed.ncbi.nlm.nih.gov/29422383/	★★★
K06	회복	수면 부족 → 부상 위험	세션 전	Y	Y	Y	<8h 수면 시 부상 위험 1.7배↑ (Milewski 청소년). 만성 부족은 ACWR 변동성↑	수면 데이터, 훈련 부하	부상 위험 알림	3일 연속 6h 미만 → 디로드 권고	Milewski 2014	https://pubmed.ncbi.nlm.nih.gov/25028798/	★★★
K07	회복	능동 회복 (active recovery)	세션 후 / 회복일	Y	-	Y	저강도 유산소(20~40% VO2max) 10~30분이 완전 휴식보다 회복 속도↑	사용자 피로도	능동 회복 처방	회복일에 가벼운 자전거/걷기 추천	Dupuy 2018 / Frontiers	https://www.frontiersin.org/articles/10.3389/fphys.2018.00403/full	★★★
K08	회복	근육통 (DOMS) 관리	세션 후	-	Y	Y	24~72h 피크. 가벼운 운동·마사지·온/냉찜질 효과 미미~보통. 7일+ 지속 시 부상 의심	통증 시작 시점, 강도	정상/이상 분류	7일+ 지속 통증 → 부상 신호 알림	Dupuy 2018	https://www.frontiersin.org/articles/10.3389/fphys.2018.00403/full	★★☆
K09	보충제	크레아틴 모노하이드레이트	일일	-	-	Y	5g/일 꾸준 섭취. 근력 +5~15%, 근비대 +1~2kg(4주). 안전성 최고. 로딩 불필요	사용자 보충제 사용 여부	크레아틴 권장	신규 사용자에게 1순위 보충제 안내	ISSN 2017 Position Stand	https://jissn.biomedcentral.com/articles/10.1186/s12970-017-0173-z	★★★
K10	보충제	카페인	세션 30~60분 전	-	-	Y	3~6mg/kg, 세션 30~60분 전. 근력·지구력 향상. 9mg+ 부작용. 저녁 세션 시 수면 영향	체중, 세션 시각	카페인 양/타이밍 처방	70kg 사용자 → 210~420mg	ISSN 2021	https://jissn.biomedcentral.com/articles/10.1186/s12970-020-00383-4	★★★
K11	보충제	베타알라닌	일일	-	-	Y	3~6g/일, 4주+ 누적. 1~4분 고강도 지속력↑ (10+렙·인터벌). 저렙 근력엔 효과 미미	사용자 목표(고렙/지구력)	권장 여부	근지구력/HIIT 사용자에게 추천	ISSN 2015	https://jissn.biomedcentral.com/articles/10.1186/s12970-015-0090-y	★★☆
K12	영양	한식 주식·곡류 단백질 환산	세션 외 / 식단 작성	-	-	Y	흰밥 1공기(210g) 약 6g | 잡곡밥 1공기(210g) 7~8g | 현미밥 1공기(210g) 6~7g | 흰죽 1공기(250g) 약 4g | 라면 1봉(120g) 약 10g | 칼국수 1그릇(700g) 약 18g | 우동 1그릇(700g) 약 14g | 짜장면 1그릇(800g) 약 27g | 짬뽕 1그릇(800g) 약 29g	섭취 식품·양 (한식 단위)	단백질 g 환산값 → 일일 단백질 목표(K01) 달성률 계산 입력	사용자 '오늘 점심 잡곡밥 한 공기 먹었어' → 챗봇 '단백질 약 7g 적립. 오늘 목표 112g 중 6%.'	농촌진흥청 국가표준식품성분DB 10.3	https://koreanfood.rda.go.kr/kfi/fct/fctIntro/list?menuId=PS03562	★★★
K13	영양	한식 단백질 반찬 환산	세션 외 / 식단 작성	-	-	Y	닭가슴살(생) 100g 23g | 소고기 등심 100g 16g | 소고기 사태 100g 22g | 돼지고기 목심 100g 17g | 돼지고기 안심 100g 21g | 삼겹살 100g 17g | 계란 1개(50g) 6g | 삶은계란 1개 6g | 두부 100g 8~10g | 청국장 100g 19g | 낫토 100g 19g | 콩(대두) 100g 36g	섭취 식품·양 (한식 단위)	단백질 g 환산값 → 일일 단백질 목표(K01) 달성률 계산 입력	사용자 '닭가슴살 200g 먹었음' → 챗봇 '단백질 약 46g. 70kg 사용자 목표(112g)의 41% 달성.'	농촌진흥청 국가표준식품성분DB 10.3 / 식약처 식품영양성분DB	https://various.foodsafetykorea.go.kr/nutrient/general/food/firstList.do	★★★
K14	영양	한식 국·찌개 단백질 환산	세션 외 / 식단 작성	-	-	Y	삼계탕 1인분(900g 통째) 약 96g | 삼계탕 살코기만(240g) 약 36g | 갈비탕 1인분(400g 국물 포함) 약 14g | 설렁탕 1인분(600g) 약 18~20g [확인 필요] | 김치찌개(돼지고기) 1인분(200g) 약 8.5g | 된장찌개 1인분(250g) 약 8~10g [확인 필요] | 순두부찌개 1인분(300g) 약 12g [확인 필요]	섭취 식품·양 (한식 단위)	단백질 g 환산값 → 일일 단백질 목표(K01) 달성률 계산 입력	사용자 '점심 갈비탕 먹음' → 챗봇 '단백질 약 14g. 국물보다 고기 양이 단백질 좌우. 추가 단백질 반찬 권장.'	공공데이터포털 전국통합식품영양성분(음식)표준데이터 / 식약처 식품안전나라	https://www.data.go.kr/data/15100070/standard.do	★★☆
K15	영양	분식·외식 단백질 환산	세션 외 / 식단 작성	-	-	Y	비빔밥 1인분(450g) 약 18~20g | 김밥 1줄(230g) 약 10~14g (속재료별 차이) | 떡볶이 1인분(200g) 약 7g | 짜장면 1그릇 약 27g | 짬뽕 1그릇 약 29g | 김치볶음밥 1인분(300g) 약 12g [확인 필요] | 제육볶음 1인분(250g) 약 30g | 후라이드치킨 1조각(100g 가식부) 약 22g [확인 필요] | 양념치킨 1조각(100g) 약 18g [확인 필요] | 국밥류 1인분 약 18~25g | 분식김밥(참치/불고기) 1줄 11~14g	섭취 식품·양 (한식 단위)	단백질 g 환산값 → 일일 단백질 목표(K01) 달성률 계산 입력	사용자 '비빔밥 한 그릇' → 챗봇 '단백질 약 19g. 계란/소고기 토핑 추가 시 +6~10g.'	공공데이터포털 전국통합식품영양성분(음식)표준데이터 / 식약처 식품안전나라	https://www.data.go.kr/data/15100070/standard.do	★★☆
K16	영양	편의점·간편식 단백질 환산	세션 외 / 식단 작성	-	-	Y	편의점 도시락 1개 평균 18~25g (브랜드별 라벨 확인 필수) | 일반 삼각김밥 1개 5~7g | GS25 프로틴 삼각김밥 약 10g | 컵밥 1개 약 15~22g [확인 필요] | 김밥(편의점) 1줄 10~14g | 컵라면 1개(70~90g) 약 7~9g | 셀렉스 프로틴음료 125ml 8g | 마이밀/하이뮨 등 일반 프로틴음료 250~300ml 약 18~25g (제품별 라벨 확인)	섭취 식품·양 (한식 단위)	단백질 g 환산값 → 일일 단백질 목표(K01) 달성률 계산 입력	사용자 '편의점 도시락+프로틴음료' → 챗봇 '평균 약 25g+15g=40g. 70kg 목표 112g의 36%.'	편의점 3사 영양정보 자율공시 (CU/GS25/세븐일레븐) / 매일유업 셀렉스 공식 공시	https://www.maeil.com/brand/view_brand1.jsp?dpid=A0000467	★☆☆
K17	영양	한국 단백질 보충 식품 환산	세션 외 / 식단 작성	-	-	Y	우유 200ml 약 6~7g | 두유 200ml 약 6~7g | 검은콩두유 190ml 4~9g (제품별) | 그릭요거트 100g 8~10g (필라이즈/매일유업) | 일반 플레인요거트 100g 약 4g | 아몬드 100g 약 21g (10알 약 1.5g) | 호두 100g 약 15g | 고등어(생) 100g 약 23g | 연어(생) 100g 약 21g | 명태 100g 약 18g | 캔참치(살코기) 100g 약 26g [확인 필요] | 멸치(자건) 100g 약 47g [확인 필요]	섭취 식품·양 (한식 단위)	단백질 g 환산값 → 일일 단백질 목표(K01) 달성률 계산 입력	사용자 '간식으로 그릭요거트 200g+아몬드 30g' → 챗봇 '단백질 약 16g+6g=22g. 운동 후 단백질 보충에 적합.'	농촌진흥청 국가표준식품성분DB 10.3 / 매일유업 셀렉스	https://koreanfood.rda.go.kr/kfi/fct/fctIntro/list?menuId=PS03562	★★★
K18	영양	한식 1회 제공량 표준 단위 환산 룰	세션 외 / 식단 작성	-	-	Y	밥 1공기=약 210g (식약처 권장 표준 1회량) | 국·찌개 1그릇=약 200~300g | 김밥 1줄=약 200~250g | 도시락 1개=약 350~500g | 고기 1인분(외식)=약 150~200g (가식부) | 회 1접시=약 150g | 면 1그릇=약 600~800g (국물 포함) | 닭가슴살 1조각(편의점)=약 100g | 계란 1개=약 50g(껍질 제외 45g) — 사용자가 양을 정확히 기억 못해도 표준 단위로 자동 환산	사용자 입력 (예: '밥 한 공기·치킨 두 조각')	정량 g → K12~K17 환산표 자동 매칭	사용자 '대충 한 공기' → 챗봇 자동 210g으로 환산 → 단백질 6g 적용	식약처 1회 섭취 참고량 가이드 / 농촌진흥청	https://www.foodsafetykorea.go.kr/portal/board/boardDetail.do?menu_no=3714&bbs_no=bbs420&ntctxt_no=1069325&menu_grp=MENU_NEW03	★★☆
L01	특수 모집단	월경주기와 훈련	주간	Y	Y	Y	여포기(1~14d): 강도/볼륨↑ 적합. 황체기(15~28d): 회복 느림, 강도 유지/볼륨↓. 개인차 큼	사용자 주기 데이터	주간 처방 조정	황체기 진입 시 자동 디로드성 조정	Wikström-Frisén 2017 / Sims 2023	https://pubmed.ncbi.nlm.nih.gov/26558833/	★★☆
L02	특수 모집단	노인 (50+) sarcopenia 대응	처방 전	Y	-	Y	주 2~3회 저항운동 필수. 8~12렙×2~3세트, 60~80% 1RM. 단백질 1.2~1.6g/kg+, 점진과부하 보수적	사용자 연령	노인용 처방 분기	60세+ 사용자 → 안전 첫 8주 적응기	ACSM 2026 / ESPEN	https://acsm.org/resistance-training-guidelines-update-2026/	★★★
L03	특수 모집단	청소년 가이드라인	처방 전	Y	-	Y	성장판 안전. 폼 우선, 6~15렙, 코치 감독 필수. 1RM 테스트 X, RPE 기반	사용자 연령	청소년용 처방 분기	17세 이하 → 1RM 테스트 잠금	NSCA Youth Position Statement	https://pubmed.ncbi.nlm.nih.gov/19620931/	★★★
L04	특수 모집단	초보/중급/고급 정의	초기 셋업	Y	-	Y	초보=훈련 <6개월, 매 세션 진보 가능. 중급=6개월~2년, 주간 진보. 고급=2년+, 메조사이클 단위	훈련 기간, 1RM 비율	레벨 분류	레벨 → 알고리즘 분기 (LP vs 자율조절 vs 블록)	Rippetoe (Practical Programming)	https://startingstrength.com/article/training_age	★★★
L05	특수 모집단	제2형 당뇨 운동 처방	사용자 프로필 등록 시 / 강도 처방 시	Y	Y	Y	빈도 유산소 3~7일/주(연속 2일 비활동 회피)+저항 2~3일/주 비연속일 | 강도 중강도 RPE5~7(40~60% HRR/VO2R, 50~70% HRmax) | 시간 유산소 150분/주(중강도) 또는 75분/주(고강도) · 저항 주요 근육군 8~10종목×1~3세트 | 형태 걷기·자전거·수영·기계식 저항 권장, 식후 30분 가벼운 걷기 = 식후혈당 변동↓ | 인슐린·SU계(글리메피리드/글리피지드) 복용자: 운동 전 혈당<100 mg/dL 시 탄수 15g 보충, 운동 중·후 저혈당 모니터 | 30분마다 일어서기/3~5분 가벼운 움직임 | 적색기(즉시 의뢰): 증식성 망막증·심한 비증식성 망막증→고강도/Valsalva/점프/머리숙임 동작 금지·안과 의뢰 / 자율신경병증·심한 신경병증·족부궤양→체중부하 운동 제한·내분비내과 의뢰 / 공복혈당>250 mg/dL+케톤 양성→운동 보류 / 저혈당 빈발(주 2회 이상) 또는 무자각성 저혈당→내분비내과 상담	진단명(제2형 당뇨), 복용 약물(인슐린·SU·메트포르민 등), 합병증(망막증/신증/신경병증/족부), HbA1c·공복혈당, 운동 가능 시간	FITT 권고(유산소 분/주·저항 회/주) + 회피 운동 리스트 + RPE 상한 + 운동 전후 혈당 모니터링 항목 + 의뢰 트리거 분기	사용자: "당뇨인데 데드리프트 해도 돼요?" → 챗봇: "제2형 당뇨이면서 망막·신장 합병증이 없다면 저항운동은 권장됩니다(주 2~3회). 다만 70kg 사용자 기준 RPE7 이하·8~12렙·세트 사이 호흡 정상 유지(Valsalva 회피)를 권고합니다. 인슐린/글리메피리드 복용 중이면 운동 시작 전 혈당 측정해 100 mg/dL 미만이면 탄수 15g(바나나 1/2개) 드시고 시작하세요. 망막증·심한 신경병증이 있다면 데드리프트는 피하고 내분비내과·안과 상담을 받으시는 것이 안전합니다."	ACSM Guidelines for Exercise Testing and Prescription 11th ed (2022) + ADA Standards of Care 2024 + 대한당뇨병학회 2023 진료지침	https://www.acsm.org/education-resources/books/guidelines-exercise-testing-prescription/	★★★
L06	특수 모집단	고혈압 운동 처방	사용자 프로필 등록 시 / 강도 처방 시	Y	Y	Y	빈도 유산소 5~7일/주(가능하면 매일)+저항 2~3일/주 | 강도 중강도 RPE4~6(40~60% VO2R/HRR) - 저항운동은 RPE6 이하·1RM 60~70%로 보수적 | 시간 유산소 30분/일(또는 누적), 주 90~150분 · 저항 주요 근육군 8~12렙×2~4세트 | 형태 걷기·자전거·수영 등 유산소 우선 + 가벼운 머신 저항(프리웨이트 1RM 이상 고중량 회피) | Valsalva(호흡 참기) 절대 회피 - 들어올릴 때 호기, 내릴 때 흡기 / 운동 중 SBP>250 또는 DBP>115 시 즉시 중단 | β-차단제 복용자: 심박수 둔화 → HR 대신 RPE로 강도 관리 / 이뇨제: 탈수·전해질 주의 / α-차단제: 운동 후 기립성 저혈압 위험 → 쿨다운 5분 필수 | 적색기(즉시 의뢰): 안정시 BP≥180/110 mmHg → 운동 보류·내과 진료 / 가슴통증·심한 두통·시야 흐림·호흡곤란·실신감 → 즉시 중단·119 또는 응급실 / 미조절 고혈압(BP>160/100 지속)·표적장기 손상 의심 → 심장내과 상담	진단명(고혈압 1·2기), 복용 약물(β-차단제·이뇨제·ACEi·ARB·CCB), 안정시 BP 최근치, 동반질환(CVD/당뇨)	FITT 권고 + Valsalva 회피 안내 + RPE 상한(저항 RPE6) + 약물별 주의사항 + 의뢰 트리거 + 운동 중 BP 모니터링 권고	사용자: "고혈압 약(베타차단제) 먹는데 데드리프트 괜찮나요?" → 챗봇: "안정시 혈압이 140/90 이하로 조절되고 있다면 데드리프트가 절대 금지는 아닙니다. 다만 70kg 사용자 기준 1RM 60% 이하(약 60kg)·8~12렙·RPE6 이하로 가볍게, 호흡은 들어올릴 때 "후" 내쉬기를 지키세요(호흡 참기는 혈압 급상승의 가장 큰 원인). 베타차단제는 심박수를 둔화시키므로 심박수 대신 RPE로 강도를 가늠하시고, 운동 후 어지러움이 오면 5분 이상 천천히 걷는 쿨다운을 하세요. 안정시 BP가 180/110을 넘는 날엔 운동을 미루고 내과 상담이 필요합니다."	ACSM Guidelines 11th ed (2022) + ACSM Pronouncement on Exercise & Hypertension 2023 + 대한고혈압학회 2022 진료지침	https://www.koreanhypertension.org/reference/guide?mode=read&idno=10081	★★★
L07	특수 모집단	이상지질혈증·대사증후군 운동 처방	사용자 프로필 등록 시 / 강도 처방 시	Y	Y	Y	빈도 유산소 5~7일/주(가능하면 매일)+저항 2~3일/주(비연속일)+유연성 2~3일/주 | 강도 중강도 RPE4~6(40~70% HRR, HRmax 55~75%) - 체중감량 목표 시 강도보다 시간 우선 | 시간 유산소 30~60분/일·주 200~300분(체중감량/지질개선 최적), 최소 150분 · 주당 칼로리 소비 1,000~2,000 kcal | 형태 걷기·조깅·자전거·수영(유산소) + 상하지·체간 기계식 저항(주요 근육군) | 동반 위험인자(고혈압·당뇨·CVD)에 따라 L05/L06 안전기준 중복 적용 | 적색기(즉시 의뢰): 가족성 고콜레스테롤(LDL>190)·기왕 심혈관질환(MI/PCI/뇌졸중)·당뇨+50세 이상·운동 중 가슴통증/턱·왼팔 방사통/심한 호흡곤란 → 운동 시작 전 심혈관내과 운동부하검사 권고 / 미조절 대사증후군(혈압>180/110, 공복혈당>250) → 내과 의뢰 후 운동 시작	진단명(이상지질혈증·대사증후군), 지질 패널(LDL/HDL/TG), 복용 약물(스타틴·에제티미브·페노피브레이트), 동반질환, BMI/허리둘레	FITT 권고 + 주 칼로리 소비 목표 + 동반질환 시 L05/L06 규칙 중복 적용 + 의뢰 트리거	사용자: "중성지방 280인데 어떤 운동을 얼마나 해야 하나요?" → 챗봇: "중성지방 개선에는 유산소가 가장 효과적입니다. 빨리걷기·자전거·수영을 주 5일 이상, 회당 30~60분, 주 합계 200~300분을 권고합니다(중강도 RPE5 정도). 여기에 주 2~3회 저항운동을 더하면 LDL이 추가로 약 10% 더 낮아진다는 보고가 있습니다. 70kg 기준 주당 1,000~2,000 kcal 소비가 지질 개선 최적 구간입니다. 단, 가족성 고콜레스테롤(LDL>190)이거나 심혈관질환 이력이 있다면 시작 전 심장내과 운동부하검사를 받으시는 것이 안전합니다."	ACSM Guidelines 11th ed (2022) + 한국지질·동맥경화학회 이상지질혈증 진료지침 5판 (2022)	https://www.lipid.or.kr/uploaded/board/guideline/_50e8f3527d0798a82a29b8ef6c363cce2.pdf	★★★
L08	특수 모집단	골관절염(무릎·고관절) 운동 처방	사용자 프로필 등록 시 / 강도 처방 시	Y	Y	Y	빈도 저항(근력) 2~3일/주+유산소 3~5일/주+유연성/모빌리티 매일 | 강도 저항운동 RPE5~7(60~70% 1RM, 통증 NRS≤4 유지) - 통증 NRS>5면 즉시 강도/ROM 감량 | 시간 저항 8~10종목×8~15렙×1~3세트, 회당 30~60분 · 유산소 회당 20~30분(주 150분 목표) | 형태 핵심: 구조화된 지상 운동 프로그램(land-based) - 대퇴사두근/둔근/체간 강화·유산소(걷기·자전거·수영)·기능적 균형. 무릎 OA는 수중운동 추가 권고(체중부하↓). 태극권 권고(ACR 강력) | 회피: 통증 유발하는 깊은 스쿼트(>90도 굴곡)·점프/착지·갑작스런 방향전환·중량 런지 - 점진적 ROM 확장 | 동반 GI/CV 질환 시 NSAIDs 사용 보수적, 운동요법 우선 | 적색기(정형외과 의뢰): 야간통(잠 깨는 통증)·관절 잠김(locking)·갑작스런 무력감(giving way)·관절 발적·발열·외상성 부종·6주+ 보존치료에도 통증/기능 악화 → 정형외과 평가	진단명(무릎/고관절 OA), 통증 NRS(0~10), 발병 부위, 동반질환(GI·CV), 보행/계단 가능 여부, BMI	FITT 권고(통증 NRS 기반 강도 캡) + 회피 동작 리스트 + 수중운동/태극권 옵션 + 정형외과 의뢰 트리거	사용자: "무릎관절염 진단받았는데 스쿼트 해도 되나요?" → 챗봇: "무릎 OA의 핵심 치료는 대퇴사두근 강화 + 유산소이며, 운동은 OARSI·ACR 모두 가장 강력하게 권고합니다. 스쿼트는 가능하지만 깊이는 무릎 90도까지 제한, 통증 NRS 4 이하로 유지하세요. 70kg 사용자 기준 박스 스쿼트 빈 봉~20kg×10렙×3세트, RPE6 이내로 시작해 2주마다 5% 점진 증가를 권고합니다. 통증이 NRS 5 이상이면 즉시 의자 스쿼트(부분 ROM)·레그 익스텐션 머신으로 대체하세요. 무릎이 잠기거나 갑자기 힘이 빠지는 느낌, 밤에 잠을 깰 정도의 통증, 발열·발적이 있다면 즉시 정형외과 진료가 필요합니다. 수중운동(아쿠아 워킹)과 태극권도 강력 권고됩니다."	OARSI 2019 (Bannuru) + ACR 2019 (Kolasinski) + ACSM Guidelines 11th ed (2022) + 대한정형외과학회 무릎관절염 자료	https://www.oarsijournal.com/article/S1063-4584(19)31116-1/fulltext	★★★
M01	측정/평가	체성분 측정 도구	4~6주	-	-	Y	DEXA(±2%) > BIA(±5%) > 줄자/사진 > 체중계. 일관성 > 정확도. 같은 시각·조건 측정	사용자 측정 환경	측정 도구 권장	4주마다 사진+줄자 자동 알림	ACSM	https://www.acsm.org/	★★★
M03	측정/평가	1RM 측정 방법	초기 셋업 / 정기 평가	Y	-	Y	직접 1RM=가장 정확, 부상 위험. AMRAP×Epley/Brzycki=±5% 정확. 초보·고령은 추정만	사용자 레벨, 위험 허용도	측정 방법 분기	중급+ → 8주마다 AMRAP / 고급 → 1RM 테스트 옵션	Reynolds 2006 / NSCA	https://pubmed.ncbi.nlm.nih.gov/16937972/	★★★
N01	생리학	근비대 3 메커니즘	KB	-	-	Y	Mechanical tension(주요) · Metabolic stress(보조) · Muscle damage(부수). Tension이 핵심 드라이버	-	처방 알고리즘 가중치	tension 우선 → 풀ROM·진보적 과부하 알고리즘	Schoenfeld 2010 / Wackerhage 2019	https://pubmed.ncbi.nlm.nih.gov/20847704/	★★★
N02	생리학	신경 적응 vs 근비대 적응	KB	Y	-	Y	초보 4~8주: 주로 신경 적응(근력↑·사이즈 거의 X). 8주+: 근비대 시작. 고급은 비대 위주	훈련 기간	사용자 기대값 조정	신규 사용자에게 '4주 후 사이즈 변화 작음' 안내	Sale 1988 / Counts 2017	https://pubmed.ncbi.nlm.nih.gov/3057313/	★★★
N03	생리학	운동 호르몬 반응	KB	-	-	Y	급성 테스토스테론·GH 상승은 근비대와 약한 상관. 만성 코르티솔↑은 회복 저하. "호르몬 부스팅" 마케팅 주의	-	사용자 교육 콘텐츠	'레그데이로 테스토 폭증' 같은 미신 정정	Morton 2016 (J Appl Physiol)	https://pubmed.ncbi.nlm.nih.gov/27174923/	★★★
N04	생리학	근섬유 타입 (Type I/II)	KB	Y	-	Y	Type II(속근)도 고렙(15+)에서 비대. Type I(지근)도 모든 렙 범위 비대. '저렙=속근' 단순화 오류	-	렙범위 권장 폭 확장	근비대 6~30렙 모두 효과적임을 사용자 교육	Schoenfeld 2021	https://pmc.ncbi.nlm.nih.gov/articles/PMC7927075/	★★★
O01	카디오	근력+유산소 간섭효과	주간	Y	-	Y	주 3회 미만/30분 이하 카디오는 근력 간섭 미미. 같은 날엔 근력 먼저 또는 6h+ 분리	사용자 카디오 빈도/시간	간섭 위험 평가	매일 1시간 러닝+근력 → 분리 권장 알림	Wilson 2012 메타분석	https://pubmed.ncbi.nlm.nih.gov/22002517/	★★★
O02	카디오	HIIT vs LISS	주간	Y	-	Y	HIIT=시간 효율, 회복 부담↑. LISS=회복 쉬움, 시간 길음. 근력 유저는 LISS 우선	사용자 가용 시간, 회복 상태	카디오 종류 추천	주 5회 근력 → LISS 30분 / 시간 부족 → HIIT 15분	Schoenfeld / Helms	https://www.strongerbyscience.com/concurrent-training/	★★★
O03	카디오	카디오 타이밍	세션 전후	Y	-	Y	근력 우선이면: 근력 후 카디오 또는 별도 세션. 다른 날 분리가 최선. 같은 부위 카디오 회피	세션 구성	카디오 배치 추천	다리 운동 후 러닝 자동 차단	Robineau 2016	https://pubmed.ncbi.nlm.nih.gov/25546450/	★★☆
P01	스트레칭	운동 전 스트레칭 (정/동적)	세션 전	Y	-	Y	운동 전 정적 스트레칭(60s+)은 근력↓. 동적 스트레칭이 워밍업에 우월. 정적은 운동 후/별도 세션	세션 시점	워밍업 시퀀스 제외/포함	RAMP 워밍업 시 정적 스트레칭 자동 제외	Behm 2016 메타분석	https://pubmed.ncbi.nlm.nih.gov/26642915/	★★★
P02	스트레칭	PNF 스트레칭	세션 후 / 회복일	Y	-	Y	Contract-relax-contract 패턴. 정적/동적보다 ROM 향상 우월. 단 파트너 필요	사용자 환경	PNF vs 일반 스트레칭 분기	모빌리티 부족 부위 PNF 처방	Hindle 2012	https://pubmed.ncbi.nlm.nih.gov/23487249/	★★☆
P03	스트레칭	자가근막이완 (SMR/폼롤러)	세션 전후	Y	-	Y	30~60s/부위. 운동 전: ROM↑, 근력 영향 없음. 운동 후: DOMS 약간 감소	세션 시점	폼롤러 시퀀스	워밍업에 30s/근육군 폼롤러 자동 추가	Wiewelhove 2019 메타	https://www.frontiersin.org/articles/10.3389/fphys.2019.00376/full	★★★
P04	스트레칭	관절 모빌리티 워크	세션 전 / 회복일	Y	Y	Y	고관절·발목·흉추 모빌리티 부족이 컴파운드 폼 에러 주원인. 부위별 동적 모빌리티 5~10분	폼 분석 결과	부위별 모빌리티 처방	스쿼트 깊이 부족 → 발목/고관절 모빌리티 자동 처방	Page 2012 (스트레칭·모빌리티 리뷰)	https://pmc.ncbi.nlm.nih.gov/articles/PMC3273886/	★★☆
Q01	부상 관리	급성 부상 처치 (PEACE & LOVE)	부상 후	-	Y	Y	급성기(0~3d): Protect·Elevate·Avoid anti-inflam·Compress·Educate. 후속: Load·Optimism·Vascular·Exercise. RICE는 구식	부상 시점, 부위	단계별 가이드	급성 부상 입력 → 자동 단계 안내	Dubois 2019 BJSM	https://bjsm.bmj.com/content/54/2/72	★★★
Q02	부상 관리	부상 복귀 단계	부상 후	Y	-	Y	1: 통증 0/10 휴식 → 2: 가동범위 회복 → 3: 무통 저강도 부하 → 4: 점진 부하 → 5: 복귀. 단계당 통증 0 확인	부상 단계, 통증 점수	다음 단계 진행 여부	부상 복귀 자동 단계 진행	BJSM Return-to-Sport	https://bjsm.bmj.com/content/50/14/853	★★★
Q03	부상 관리	운동 복귀 기준	복귀 시점	Y	-	Y	①ROM 정상 ②양측 근력차 <10% ③무통 컴파운드 가능 ④2주 무통 유지. 4개 충족 후 복귀	측정 데이터	복귀 가능 여부	4개 체크리스트로 자동 복귀 판정	Ardern 2016	https://bjsm.bmj.com/content/50/14/853	★★★
Q04	부상 관리	요추 통증 단계별 프로토콜	통증 발생 시 / 재활 단계별	Y	-	Y	급성 0~3일: 침상안정 회피, 통증 허용 범위 내 일상 활동 유지·통증 중심화 반응 보이는 자세(McKenzie 신전 우선) 탐색 | 아급성 3~14일: 그룹/개별 운동요법(스트레칭·근력·유산소·운동조절) 시작, 신경역동 운동·도수치료는 운동의 보조로만 | 복귀 14일~: 글루트·코어 활성화 후 힙힌지 재학습, 데드/스쿼트는 추정 1RM의 30%부터 주 +10% 이내 점진. 적색기(다리 양측 저림·안장마비·괄약근/배뇨이상·발열·암 병력 동반 통증·외상 후 통증)→즉시 의료기관 의뢰	통증 부위·강도(NPRS 0~10)·발생 동작·일수·다리 저림 유무	단계 분류 + 허용/회피 운동 리스트 + 재시작 무게 % + 의뢰 사유	사용자: '데드 110kg 후 허리 통증 NPRS 6, 어제 발생' → 출력: '급성기. 오늘은 가벼운 보행·골반 틸트·McKenzie 엎드려 신전 5×10회 시도. 데드/스쿼트 일시 중지. 3일 후 통증 NPRS 3 이하면 30kg(추정 1RM 30%)부터 RDL 재개. 다리 저림이 종아리 아래로 내려가거나 양측이면 의료기관 상담'	NICE NG59 (2016/2020 surveillance) + Foster 2018 Lancet LBP series	https://www.nice.org.uk/guidance/ng59	★★★
Q05	부상 관리	어깨 임핀지·회전근개 통증(RCRSP) 단계별 프로토콜	통증 발생 시 / 재활 단계별	Y	-	Y	급성 0~7일: 통증 유발 동작(오버헤드·behind-the-neck·딥 호리젠탈 어덕션) 회피, 통증 허용 ROM 내 진자운동·견갑 후퇴/하강 활성 | 아급성 1~6주: 점진적 근력부하(통증 NPRS≤4 허용)—외회전 강화(밴드 ER), 견갑 안정화(서라투스 펀치·로우), 후방관절낭 스트레칭(sleeper/cross-body), GIRD 교정 | 복귀 6주~: 어깨 압박 운동(벤치·OHP·풀업)을 추정 1RM 30%부터 점진(주 +10%), 오버헤드는 통증 0/10 + 외회전 좌우차 <10% 확인 후. 적색기(외상 후 거상 불가·진행성 위약·야간통+종괴·발열·상지 신경학적 결손)→정형외과 의뢰	통증 부위·강도(NPRS)·유발 동작·외상 유무	단계 분류 + 허용/회피 운동 리스트 + 재시작 무게 % + 의뢰 사유	사용자: '오버헤드 프레스 50kg 셋업 시 어깨 앞쪽 찌릿 NPRS 5' → 출력: '급성기. 오버헤드 1주 중지, behind-the-neck·업라이트 로우도 회피. 대신 풀업 행잉·진자운동·밴드 외회전 3×15. 1주 후 통증 감소 시 덤벨 OHP를 1RM 30%부터 재시작, 견갑 후퇴/하강 셋업 강조. 야간통이 심해지거나 팔 들 수 없으면 의뢰'	Lewis 2016 Man Ther + Cools 2015 Braz J Phys Ther	https://pubmed.ncbi.nlm.nih.gov/27083390/	★★★
Q06	부상 관리	무릎 PFPS(슬개대퇴 통증) 단계별 프로토콜	통증 발생 시 / 재활 단계별	Y	-	Y	급성 0~2주: 통증 유발 동작(딥 스쿼트·런지·계단 내려오기·오픈체인 레그익스텐션 90°→0°) 회피, 활동 수정·교육 우선 | 아급성 2~6주: 고관절(외전·외회전, 클램쉘·사이드 라잉 힙 어브덕션·몬스터 워크)+대퇴사두(미니 스쿼트 0~45°, 레그프레스 짧은 ROM) 복합 강화, 통증 NPRS≤3 허용. 단기 진통은 슬개골 테이핑 보조 가능 | 복귀 6주~: 스쿼트/런지 ROM을 통증 한도 내 점진 확장, 무게는 통증 무관 자세 가능 시 1RM 30%부터 주 +10%. 풀스쿼트는 통증 0/10 + 편측 근력차 <10% 확인 후. 적색기(외상 후 부종·잠김(locking)·이탈감·체중부하 불가·발적/발열)→정형외과 의뢰	통증 부위·강도(NPRS)·유발 동작·부종/잠김 유무	단계 분류 + 허용/회피 운동 리스트 + 재시작 무게 % + 의뢰 사유	사용자: '백스쿼트 80kg 바닥에서 무릎 앞쪽 통증 NPRS 5, 계단 내려올 때도 아픔' → 출력: '아급성기 진입. 풀ROM 스쿼트·계단 내려오기 2주 회피. 클램쉘 3×15·사이드 라잉 힙 어브덕션 3×15·미니 스쿼트(0~45°) 3×10·레그프레스 짧은 ROM 24kg(1RM 30%)부터. 4주 후 통증 NPRS≤2면 박스 스쿼트(평행)부터 점진 ROM 확장. 무릎 잠김/부종 새로 생기면 의뢰'	Powers 2017 BJSM consensus + Crossley 2016 BJSM Part 2 + Barton 2015 BJSM	https://pubmed.ncbi.nlm.nih.gov/29109118/	★★★
R01	행동 코칭	SMART 목표 설정	초기 온보딩	-	-	Y	목표는 Specific(구체)·Measurable(측정)·Achievable(달성)·Relevant(관련)·Time-bound(기한) 5요소로 분해해야 수행과 지속이 향상됨. 모호한 목표("열심히 하기")보다 구체적·도전적 목표가 수행을 유의하게 높임	사용자가 입력한 목표 문장 + 현재 1RM/체중/주당 운동 횟수	SMART 5요소 누락 항목 자동 점검 → 12주 단위 도전적 수치 목표로 재작성 (예: '벤치 80→90kg, 12주, 주 3회 5x5')	사용자 '근육 키우고 싶어요' 입력 → 챗봇 '구체적으로: ① 어느 부위 ② 12주 후 어느 수치(체중·둘레·1RM)까지 ③ 주 몇 회 운동 가능한가요?' 재질문	Locke & Latham 2002 (American Psychologist)	https://psycnet.apa.org/doi/10.1037/0003-066X.57.9.705	★★☆
R02	행동 코칭	습관 형성 평균 66일	초기 4주	-	-	Y	새 행동이 자동화되는 데 평균 66일(개인차 18~254일). cue(시각·시간·장소) → routine(행동) → reward(보상) 3요소를 같은 맥락에 묶을 때 형성 속도가 빨라짐	사용자의 운동 시작일 + 주당 출석 기록	D+0~66일은 "습관 형성 구간"으로 표시. 매일 같은 시간·장소 권고. 1~2회 빼먹어도 자동화 곡선에 거의 영향 없음을 안내(과도한 죄책감 차단)	사용자 '3일 빠졌는데 다 망한 거죠?' → 챗봇 'Lally 2010 연구상 1~2일 결손은 자동화 곡선에 유의한 영향 없음. 내일 같은 시간·같은 장소로 복귀하세요. 평균 자동화까지 D+45일 남음'	Lally et al. 2010 (Eur J Soc Psychol)	https://onlinelibrary.wiley.com/doi/10.1002/ejsp.674	★★☆
R03	행동 코칭	자기효능감 4가지 원천	초기 온보딩 + 정체기	-	-	Y	자기효능감("나는 할 수 있다") 형성 4원천: ①숙달 경험(직접 성공) ②대리 경험(타인 성공 관찰) ③언어적 설득(피드백) ④생리적 상태(피로·각오 해석). 숙달 경험이 가장 강력	사용자의 PR(개인 최고기록) 갱신 이력 + 출석 연속 일수	매주 작은 PR(중량·반복·세트)을 시각화해 "숙달 경험" 누적을 보여줌. 정체기에는 비슷한 체급 사용자 진척 사례(대리 경험) 제시	사용자 '저는 운동에 재능이 없는 것 같아요' → 챗봇 '지난 4주간 스쿼트 60→67.5kg(+12.5%) 갱신했습니다. 이게 Bandura가 말한 숙달 경험이에요. 같은 체급 사용자 평균 +8%보다 빠른 속도'.	Bandura 1977 (Psychological Review)	https://psycnet.apa.org/doi/10.1037/0033-295X.84.2.191	★★☆
R04	행동 코칭	자율적 동기 (자율성·유능감·관계성)	상시	-	-	Y	자기결정이론(SDT): 내재 동기는 ①자율성(스스로 선택) ②유능감(잘하고 있다는 감각) ③관계성(연결감) 3가지 기본심리욕구가 충족될 때 강화됨. 강제·외압은 동기를 갉아먹음	사용자의 프로그램 수행률 + 자율 선택 비율(추천 vs 직접 선택)	운동 종목·세트 수를 강제하지 않고 "오늘 컨디션상 80% / 100% / 110% 중 선택" 식 옵션 제공. 매주 1회 진척 그래프로 유능감 피드백	사용자 '코치가 짜준 프로그램 따라하기 싫어요' → 챗봇 '오늘은 메인 운동 3가지 중 직접 골라보세요(스쿼트/레그프레스/런지). SDT 자율성 충족이 장기 지속률을 높입니다'	Ryan & Deci 2000 (American Psychologist)	https://selfdeterminationtheory.org/SDT/documents/2000_RyanDeci_SDT.pdf	★★☆
R05	행동 코칭	첫 6개월 이탈률	초기 온보딩 + 1·3·6개월 체크포인트	-	-	Y	미국 헬스장 신규 회원의 약 50%가 가입 첫 6개월 내 이탈(IHRSA 보고). 한국도 비슷한 패턴 보고됨. 첫 90일이 가장 위험 구간	사용자 가입일 + 최근 14일 출석 횟수	D+0~180일 사용자는 "고위험 코호트"로 분류. 출석 5일 공백 시 푸시 알림 + 운동 강도 -20% 조정안 제시(부담 차단)	사용자 가입 후 D+45일에 7일째 미출석 → 챗봇 '신규 가입자 절반은 6개월 내 그만둡니다. 오늘은 20분 짧은 루틴 어떠세요?' 자동 발송	IHRSA Health Club Consumer Report	https://www.ihrsa.org/about/media-center/press-releases/	★☆☆
R06	행동 코칭	정체기 심리 대응	정체기 감지 시	-	-	Y	4~6주 PR 정체 시 즉각 "실패"로 해석하지 말고 ①진척 정의 재설정(중량 외 볼륨·폼·컨디션) ②1주 디로드(볼륨 -40~50%) ③프로그램 구조 변경 순으로 대응. 심리적 burnout 방지	최근 4~6주 PR 갱신 여부 + 주관적 피로(RPE 추세)	4주 정체 + RPE 평균 ≥8 → 자동 "디로드 1주" 권고. 정체기 카드에 "중량은 멈췄지만 출석률·폼·총 볼륨은 +15%" 식 비-중량 진척 표기	사용자 '4주째 벤치 PR이 안 갱신돼요. 그만둘까 봐요' → 챗봇 'RPE 평균 8.5로 누적 피로 신호. 다음 주 디로드(볼륨 -50%) 후 재시도 제안. 출석률 92%는 그대로 진척입니다'	Stronger by Science (Helms / Nuckols, deload guidance)	https://www.strongerbyscience.com/deload/	★☆☆
R07	행동 코칭	사회적 지지·운동 파트너 효과	초기 온보딩 + 정체기	-	-	Y	운동 그룹 응집력(group cohesion)은 운동 출석·지속률에 중간 효과크기로 양의 영향. 파트너·소그룹·온라인 챌린지 모두 단독보다 지속률↑ (Carron 메타분석)	사용자의 운동 파트너 유무 + 그룹/챌린지 참여 여부	파트너 부재 시 "함께하기" 기능(친구 초대·앱 내 챌린지 매칭) 노출. 그룹 출석 시 개인 출석 가중 +1로 시각화	사용자 '혼자 하니까 자꾸 빼먹어요' → 챗봇 'Carron 메타분석상 그룹 운동이 단독 대비 출석률 유의 향상. 같은 시간대 운동하는 사용자 5명 매칭해드릴까요?'	Carron Hausenblas Mack 1996 / Burke et al. 2006 (group cohesion meta)	https://pubmed.ncbi.nlm.nih.gov/15518332/	★★☆
R08	행동 코칭	외부 보상 vs 내재 동기 (crowding-out)	보상 시스템 설계 시	-	-	Y	흥미로운 활동에 "돈·뱃지·등수" 같은 유형 보상을 일률 지급하면 내재 동기를 평균 -0.36 SD 감소시킴(Deci 1999 메타분석, k=128). 예상치 못한 보상·정보적 피드백은 영향 없음	사용자가 운동을 ""재미있다""고 답한 빈도 + 보상 시스템 노출 여부	흥미·자율 동기가 이미 높은 사용자에게는 금전·뱃지 보상 노출 최소화. 대신 진척 데이터·개선 피드백 위주로 표시	설계 결정: 신규 사용자는 출석 뱃지 노출 / 6개월+ 자발 운동 사용자는 뱃지 OFF·진척 그래프 강조	Deci, Koestner & Ryan 1999 (Psychological Bulletin meta-analysis)	https://psycnet.apa.org/doi/10.1037/0033-2909.125.6.627	★★★
R09	행동 코칭	운동 강박·RED-S 스크리닝	상시 모니터링	-	-	Y	저에너지가용성(LEA: <30 kcal/kg FFM/day) 지속 시 RED-S 위험. 신호: 급격한 체중 감소·휴식기 심박 변화·여성 무월경·만성 피로·강박적 운동. 의학적 진단·치료는 의료진 영역	주당 운동 시간 + 식사 빈도/총 칼로리 + (여성) 월경 주기 + 휴식기 심박	위험 신호 ≥3개 발견 시 "운동량 -30% 권고 + 의료/영양 전문가 상담 안내" 카드 표시. 챗봇은 진단·처방 금지(의료법 회피), "스포츠의학 전문의 상담을 권합니다"로 한정	사용자 '주 10회 운동, 식사 1500kcal, 3개월째 월경 없어요' → 챗봇 'IOC 2018 RED-S 기준상 위험 신호입니다. 운동량 일시 -30% 조정 + 스포츠의학 전문의/영양사 상담을 강하게 권합니다. 본 앱은 진단을 제공하지 않습니다'	Mountjoy et al. 2018 IOC RED-S Consensus Update (BJSM)	https://bjsm.bmj.com/content/52/11/687	★★★
R10	행동 코칭	한국 직장인 시간 충돌·회식 대응	주간 일정 조정	Y	-	Y	한국 임금근로자 주당 평균 근로시간 약 38~40시간(KOSIS), 회식 빈도 월 2~4회 보고. 회식 당일은 운동 패스 대신 익일 보강(20분 단축 세션) + 알코올 24시간 내 근비대 신호 -37% 감소 고려	사용자의 근무 형태 + 회식 일정(캘린더 연동) + 주당 운동 가능 일수	회식 캘린더 감지 시: 당일은 휴식 권고 + 익일은 "20분 압축 루틴"(메인 운동 3개 5x5만) 자동 제안. 주간 볼륨 -10~15% 자동 조정으로 미달 보강	사용자 '오늘 회식이라 운동 못 가요' → 챗봇 '내일 20분 압축 세션(스쿼트·벤치·로우 5x5)으로 주간 볼륨 92% 회복 가능. 음주 후 24시간은 근비대 신호가 줄어드니 폼 위주로'.	KOSIS 임금근로일자리 근로시간 통계 + 자체 룰 (Parr 2014 알코올·근단백질합성 참고)	https://kosis.kr/statHtml/statHtml.do?orgId=118&tblId=DT_118N_PAYM55	★☆☆
